시설명,gu,주소,위도,경도,시설유형,geo_src
전재울근린공원(유아숲),남동구,인천광역시 남동구 구월동 1501,37.449345,126.7080835,놀이터,nominatim
성리어린이공원(물놀이장),남동구,인천광역시 남동구 구월동 1495,37.449345,126.7080835,놀이터,nominatim
찬우물근린공원,남동구,인천광역시 남동구 구월동 1522,37.449345,126.7080835,놀이터,nominatim
무지개어린이공원-1,남동구,인천광역시 남동구 구월동 1509,37.449345,126.7080835,놀이터,nominatim
큰구월어린이공원,남동구,인천광역시 남동구 구월1동 1196-4,37.447919,126.7096663,놀이터,nominatim
만월어린이공원,남동구,인천광역시 남동구 구월1동 1229-2,37.447919,126.7096663,놀이터,nominatim
작은성말어린이공원,남동구,인천광역시 남동구 구월1동 1192-7,37.447919,126.7096663,놀이터,nominatim
구월어린이공원(물놀이장),남동구,인천광역시 남동구 구월동 1246,37.449345,126.7080835,놀이터,nominatim
지상어린이공원,남동구,인천광역시 남동구 구월동 1341-9,37.449345,126.7080835,놀이터,nominatim
반월어린이공원,남동구,인천광역시 남동구 구월동 1390,37.449345,126.7080835,놀이터,nominatim
구월예술어린이공원,남동구,인천광역시 남동구 구월동 1377-5,37.449345,126.7080835,놀이터,nominatim
구월문화어린이공원,남동구,인천광역시 남동구 구월동 1350,37.449345,126.7080835,놀이터,nominatim
장다리어린이공원,남동구,인천광역시 남동구 구월동 1102-14,37.449345,126.7080835,놀이터,nominatim
큰성말어린이공원,남동구,인천광역시 남동구 구월동 1163,37.449345,126.7080835,놀이터,nominatim
붉은고개어린이공원,남동구,인천광역시 남동구 구월동 1093,37.449345,126.7080835,놀이터,nominatim
모래내어린이공원,남동구,인천광역시 남동구 구월동 1258-4,37.449345,126.7080835,놀이터,nominatim
작은구월어린이공원(물놀이장),남동구,인천광역시 남동구 구월동 1281-8,37.449345,126.7080835,놀이터,nominatim
남동문화근린공원(유아숲),남동구,인천광역시 남동구 구월동 643-3,37.449345,126.7080835,놀이터,nominatim
만수천어린이공원,남동구,인천광역시 남동구 만수동 929,37.45291,126.73583,놀이터,nominatim
하촌어린이공원,남동구,인천광역시 남동구 만수동 969,37.45291,126.73583,놀이터,nominatim
새골어린이공원,남동구,인천광역시 남동구 만수동 1005-1,37.45291,126.73583,놀이터,nominatim
쇄판어린이공원,남동구,인천광역시 남동구 만수3동 845-1,37.4658757,126.7266343,놀이터,nominatim
인수어린이공원,남동구,인천광역시 남동구 만수4동 69,37.4568454,126.7371342,놀이터,nominatim
아단어린이공원,남동구,인천광역시 남동구 만수4동 37,37.4568454,126.7371342,놀이터,nominatim
둥지어린이공원,남동구,인천광역시 남동구 만수동 28,37.45291,126.73583,놀이터,nominatim
뗏마루어린이공원,남동구,인천광역시 남동구 만수동 881,37.45291,126.73583,놀이터,nominatim
골마루근린공원,남동구,인천광역시 남동구 만수동 1049-1,37.45291,126.73583,놀이터,nominatim
시영어린이공원,남동구,인천광역시 남동구 만수동 1078-13,37.45291,126.73583,놀이터,nominatim
창대어린이공원,남동구,인천광역시 남동구 만수동 1083-1,37.45291,126.73583,놀이터,nominatim
장승백이어린이공원,남동구,인천광역시 남동구 만수동 1086-2,37.45291,126.73583,놀이터,nominatim
대덕어린이공원,남동구,인천광역시 남동구 만수동 1096,37.45291,126.73583,놀이터,nominatim
담방어린이공원,남동구,인천광역시 남동구 만수동 1033,37.45291,126.73583,놀이터,nominatim
남동어린이공원,남동구,인천광역시 남동구 만수동 1022-4,37.45291,126.73583,놀이터,nominatim
장자어린이공원,남동구,인천광역시 남동구 장수동 766-2,37.4538232,126.7524602,놀이터,nominatim
큰우물어린이공원,남동구,인천광역시 남동구 장수동 768,37.4538232,126.7524602,놀이터,nominatim
장수천어린이공원,남동구,인천광역시 남동구 장수동 806-2,37.4538232,126.7524602,놀이터,nominatim
장수사거리어린이공원,남동구,인천광역시 남동구 장수동 807-1,37.4538232,126.7524602,놀이터,nominatim
구룡어린이공원,남동구,인천광역시 남동구 서창동 550-4,37.4321061,126.7491895,놀이터,nominatim
선래어린이공원,남동구,인천광역시 남동구 서창동 564-4,37.4321061,126.7491895,놀이터,nominatim
걸재어린이공원,남동구,인천광역시 남동구 서창동 573-1,37.4321061,126.7491895,놀이터,nominatim
장아어린이공원,남동구,인천광역시 남동구 서창동 580-2,37.4321061,126.7491895,놀이터,nominatim
서창근린공원(유아숲),남동구,인천광역시 남동구 서창동 558-1,37.4321061,126.7491895,놀이터,nominatim
서창13녹지,남동구,인천광역시 남동구 서창동 552-4,37.4321061,126.7491895,놀이터,nominatim
서창15녹지,남동구,인천광역시 남동구 서창동 557-10,37.4321061,126.7491895,놀이터,nominatim
남촌어린이공원,남동구,인천광역시 남동구 남촌동 376,37.427366,126.7120811,놀이터,nominatim
도림1어린이공원,남동구,인천광역시 남동구 도림동 629-4,37.42057,126.72663,놀이터,nominatim
도림이어린이공원,남동구,인천광역시 남동구 도림동 648-2,37.42057,126.72663,놀이터,nominatim
오재(도림2)어린이공원,남동구,인천광역시 남동구 도림동 656-3,37.42057,126.72663,놀이터,nominatim
도림산(도림3)어린이공원,남동구,인천광역시 남동구 도림동 674-1,37.42057,126.72663,놀이터,nominatim
주적어린이공원,남동구,인천광역시 남동구 도림동 637-2,37.42057,126.72663,놀이터,nominatim
어울근린공원(물놀이장),남동구,인천광역시 남동구 서창동 681,37.4321061,126.7491895,놀이터,nominatim
물빛근린공원,남동구,인천광역시 남동구 서창동 713,37.4321061,126.7491895,놀이터,nominatim
아랫말어린이공원,남동구,인천광역시 남동구 논현동  601-2,37.4031099,126.7261793,놀이터,nominatim
동녘어린이공원,남동구,인천광역시 남동구 논현동 600-7,37.4031099,126.7261793,놀이터,nominatim
방죽어린이공원,남동구,인천광역시 남동구 논현동  599-5,37.4031099,126.7261793,놀이터,nominatim
너른들어린이공원,남동구,인천광역시 남동구 논현동 682-2,37.4031099,126.7261793,놀이터,nominatim
소래어린이공원,남동구,인천광역시 남동구 논현동 653,37.4031099,126.7261793,놀이터,nominatim
갯마을어린이공원-1(배드민턴장),남동구,인천광역시 남동구 논현동 664-3,37.4031099,126.7261793,놀이터,nominatim
논현포대근린공원(유아숲),남동구,인천광역시 남동구 논현동 648-1,37.4031099,126.7261793,놀이터,nominatim
호구포근린공원,남동구,인천광역시 남동구 논현동 641-1,37.4031099,126.7261793,놀이터,nominatim
갯골근린공원,남동구,인천광역시 남동구 논현동 553-1,37.4031099,126.7261793,놀이터,nominatim
앞골어린이공원,남동구,인천광역시 남동구 논현동 564-2,37.4031099,126.7261793,놀이터,nominatim
신흥어린이공원,남동구,인천광역시 남동구 논현동 564-4,37.4031099,126.7261793,놀이터,nominatim
아담어린이공원,남동구,인천광역시 남동구 논현동 563-4,37.4031099,126.7261793,놀이터,nominatim
새진매어린이공원,남동구,인천광역시 남동구 논현동 555,37.4031099,126.7261793,놀이터,nominatim
논현어린이공원,남동구,인천광역시 남동구 논현동 634-4,37.4031099,126.7261793,놀이터,nominatim
오봉어린이공원,남동구,인천광역시 남동구 논현동 590-47,37.4031099,126.7261793,놀이터,nominatim
가온어린이공원,남동구,인천광역시 남동구 논현동 586-1,37.4031099,126.7261793,놀이터,nominatim
호암어린이공원,남동구,인천광역시 남동구 논현동 583-1,37.4031099,126.7261793,놀이터,nominatim
늘솔길근린공원(유아숲),남동구,인천광역시 남동구 논현동 738-8,37.4031099,126.7261793,놀이터,nominatim
한아름근린공원(물놀이장),남동구,인천광역시 남동구 논현동 756-5,37.4031099,126.7261793,놀이터,nominatim
고잔어린이공원,남동구,인천광역시 남동구 논현동 732-3,37.4031099,126.7261793,놀이터,nominatim
꿈꾸는어린이공원,남동구,인천광역시 남동구 논현동 765-4,37.4031099,126.7261793,놀이터,nominatim
푸른어린이공원,남동구,인천광역시 남동구 논현동 757-2,37.4031099,126.7261793,놀이터,nominatim
섬꽃어린이공원,남동구,인천광역시 남동구 논현동 773-4,37.4031099,126.7261793,놀이터,nominatim
별빛어린이공원,남동구,인천광역시 남동구 논현동 774-4,37.4031099,126.7261793,놀이터,nominatim
물방울어린이공원,남동구,인천광역시 남동구 논현동 755-5,37.4031099,126.7261793,놀이터,nominatim
돌섬어린이공원,남동구,인천광역시 남동구 논현동 749-5,37.4031099,126.7261793,놀이터,nominatim
모험어린이공원,남동구,인천광역시 남동구 논현동 740-3,37.4031099,126.7261793,놀이터,nominatim
바람어린이공원,남동구,인천광역시 남동구 논현동 739-5,37.4031099,126.7261793,놀이터,nominatim
샘말어린이공원 놀이터,연수구,인천광역시 연수구 연수동 622,37.4191608,126.6849462,놀이터,nominatim
동춘근린공원 놀이터,연수구,인천광역시 연수구 동춘동 938-2,37.4046979,126.6650924,놀이터,nominatim
느티나무(별바리기)어린이공원 놀이터,연수구,인천광역시 연수구 선학동 403-14,37.4278854,126.6963107,놀이터,nominatim
이야기(터널)어린이공원 놀이터,연수구,인천광역시 연수구 청학동 551-5,37.4234771,126.6645224,놀이터,nominatim
부수지근린공원 놀이터,연수구,인천광역시 연수구 동춘동 925-4,37.4046979,126.6650924,놀이터,nominatim
동막근린공원 놀이터,연수구,인천광역시 연수구 동춘동 932-2,37.4046979,126.6650924,놀이터,nominatim
봉재어린이공원 놀이터,연수구,인천광역시 연수구 동춘동 940-1,37.4046979,126.6650924,놀이터,nominatim
청량어린이공원 놀이터,연수구,인천광역시 연수구 동춘동 923-4,37.4046979,126.6650924,놀이터,nominatim
은행나무어린이공원 놀이터,연수구,인천광역시 연수구 선학동 345,37.4278854,126.6963107,놀이터,nominatim
효정어린이공원 놀이터,연수구,인천광역시 연수구 연수동 537-1,37.4191608,126.6849462,놀이터,nominatim
솔샘어린이공원놀이터,연수구,인천광역시 연수구 청학동 570-11,37.4234771,126.6645224,놀이터,nominatim
한진어린이공원 놀이시설,연수구,인천광역시 연수구 옥련동 417-5,37.4232781,126.6482736,놀이터,nominatim
청담어린이공원 놀이터,연수구,인천광역시 연수구 청학동 471,37.4234771,126.6645224,놀이터,nominatim
향나무어린이공원,연수구,인천광역시 연수구 청학동 559-2,37.4234771,126.6645224,놀이터,nominatim
성호어린이공원 놀이터,연수구,인천광역시 연수구 청학동 449-1,37.4234771,126.6645224,놀이터,nominatim
두리어린이공원 놀이터,연수구,인천광역시 연수구 선학동 365-2,37.4278854,126.6963107,놀이터,nominatim
일단지어린이공원 놀이터,연수구,인천광역시 연수구 연수동 544-9,37.4191608,126.6849462,놀이터,nominatim
연일어린이공원 놀이터,연수구,인천광역시 연수구 연수동 533-1,37.4191608,126.6849462,놀이터,nominatim
중앙어린이공원 놀이터,연수구,인천광역시 연수구 청학동 546-13,37.4234771,126.6645224,놀이터,nominatim
학어린이공원 놀이터,연수구,인천광역시 연수구 선학동 346,37.4278854,126.6963107,놀이터,nominatim
풍림어린이공원놀이터,연수구,인천광역시 연수구 동춘동 929-1,37.4046979,126.6650924,놀이터,nominatim
선유어린이공원 놀이터,연수구,인천광역시 연수구 선학동 391,37.4278854,126.6963107,놀이터,nominatim
늘봄어린이공원 놀이터,연수구,인천광역시 연수구 연수동 603,37.4191608,126.6849462,놀이터,nominatim
승정어린이공원 놀이터,연수구,인천광역시 연수구 청학동 564-1,37.4234771,126.6645224,놀이터,nominatim
대학공원 유아숲 체험원,연수구,인천광역시 연수구 연수동 580,37.4191608,126.6849462,놀이터,nominatim
청은어린이공원 놀이터,연수구,인천광역시 연수구 동춘동 917-1,37.4046979,126.6650924,놀이터,nominatim
동남어린이공원 놀이터,연수구,인천광역시 연수구 동춘동 943-1,37.4046979,126.6650924,놀이터,nominatim
승기어린이공원 놀이터,연수구,인천광역시 연수구 선학동 348,37.4278854,126.6963107,놀이터,nominatim
선학어린이공원 놀이터,연수구,인천광역시 연수구 선학동 359,37.4278854,126.6963107,놀이터,nominatim
원도장어린이공원 놀이터,연수구,인천광역시 연수구 선학동 409-5,37.4278854,126.6963107,놀이터,nominatim
마리어린이공원 놀이터,연수구,인천광역시 연수구 연수동 514,37.4191608,126.6849462,놀이터,nominatim
함박어린이공원 놀이터,연수구,인천광역시 연수구 연수동 535-3,37.4191608,126.6849462,놀이터,nominatim
문남어린이공원 놀이터,연수구,인천광역시 연수구 연수동 514-2,37.4191608,126.6849462,놀이터,nominatim
문화공원 어린이 놀이터,연수구,인천광역시 연수구 연수동 578,37.4191608,126.6849462,놀이터,nominatim
양지근린공원 놀이터,연수구,인천광역시 연수구 연수동 594-1,37.4191608,126.6849462,놀이터,nominatim
솔안근린공원 놀이터,연수구,인천광역시 연수구 연수동 634-2,37.4191608,126.6849462,놀이터,nominatim
새싹어린이공원 놀이터,연수구,인천광역시 연수구 옥련동 238-1,37.4232781,126.6482736,놀이터,nominatim
시대어린이공원 놀이터,연수구,인천광역시 연수구 청학동 451-1,37.4234771,126.6645224,놀이터,nominatim
하나어린이공원놀이터,연수구,인천광역시 연수구 청학동 465-1,37.4234771,126.6645224,놀이터,nominatim
안골어린이공원 놀이터,연수구,인천광역시 연수구 청학동 530-9,37.4234771,126.6645224,놀이터,nominatim
백제우물어린이공원 놀이터,연수구,인천광역시 연수구 청학동 554-1,37.4234771,126.6645224,놀이터,nominatim
영종하늘도시 서한이다음 로스트벨리,중구,인천광역시 중구 하늘별빛로 142,37.492422,126.5595696,놀이터,nominatim
인천유림노르웨이숲 에듀오션 103동부 놀이터,중구,인천광역시 중구 신흥동3가 31-13,37.44814,126.62876,놀이터,nominatim
인천영종LH2단지 아파트 보육시설 옆 유아놀이터,중구,인천광역시 중구 운서동 3102-1,37.48447,126.48626,놀이터,nominatim
스카이시티자이아파트 어린이놀이터3(108동~109동사이),중구,"인천광역시 중구 하늘별빛로 111 (중산동, 스카이시티자이)",37.4918768,126.5601895,놀이터,nominatim
e편한세상영종하늘도시아파트 105동뒤 어린이놀이터,중구,인천광역시 중구 숲쟁이로 12,37.4779626,126.5147712,놀이터,nominatim
우주탐험 어린이놀이시설 3,중구,인천광역시 중구 운서동 3050-1,37.48447,126.48626,놀이터,nominatim
날아라UFO공원 어린이놀이시설 2,중구,인천광역시 중구 운서동 3034,37.48447,126.48626,놀이터,nominatim
자전거공원 어린이놀이시설,중구,인천광역시 중구 운서동 3052-6,37.48447,126.48626,놀이터,nominatim
어린이공원 15호,중구,인천광역시 중구 운서동 482-3,37.48447,126.48626,놀이터,nominatim
어린이공원 3호,중구,인천광역시 중구 운서동 3012-9,37.48447,126.48626,놀이터,nominatim
근린공원 6호,중구,인천광역시 중구 운남동 1598-6,37.489607,126.5333069,놀이터,nominatim
씨사이드파크 족욕장 놀이터,중구,인천광역시 중구 인천대교고속도로 3 (운남동),37.4692769,126.5149884,놀이터,nominatim
철새공원 어린이놀이시설,중구,인천광역시 중구 운남동 1757-7,37.489607,126.5333069,놀이터,nominatim
갯벌놀이공원 어린이놀이시설,중구,인천광역시 중구 운남동 1750-12,37.489607,126.5333069,놀이터,nominatim
구립운남어린이집,중구,인천광역시 중구 운남서로 100 (운남동),37.4941385,126.5314494,놀이터,nominatim
진달래공원 어린이놀이시설,중구,인천광역시 중구 운남동 1543,37.489607,126.5333069,놀이터,nominatim
은방울공원 어린이놀이시설,중구,인천광역시 중구 운남동 1533,37.489607,126.5333069,놀이터,nominatim
오가공원 어린이놀이시설,중구,인천광역시 중구 운남동 1508,37.489607,126.5333069,놀이터,nominatim
운남근린공원 어린이놀이시설,중구,인천광역시 중구 운남동 1551,37.489607,126.5333069,놀이터,nominatim
신생삼성아파트 놀이터,중구,"인천광역시 중구 인중로 111 (신생동, 삼성아파트)",37.4656933,126.6295712,놀이터,nominatim
매화공원 어린이놀이시설,중구,인천광역시 중구 운서동 2743-2,37.48447,126.48626,놀이터,nominatim
큰말공원 어린이놀이시설,중구,인천광역시 중구 운서동 2915,37.48447,126.48626,놀이터,nominatim
용샘공원 어린이놀이시설,중구,인천광역시 중구 운서동 2895-15,37.48447,126.48626,놀이터,nominatim
눈돌공원 어린이놀이시설,중구,인천광역시 중구 운서동 2905,37.48447,126.48626,놀이터,nominatim
율목공원 어린이놀이시설,중구,인천광역시 중구 율목동 244-1,37.4700935,126.6350444,놀이터,nominatim
도원공원 어린이놀이시설,중구,인천광역시 중구 도원동 30-49,37.4672333,126.6399999,놀이터,nominatim
창포공원 어린이놀이시설,중구,인천광역시 중구 운서동 2776-1,37.48447,126.48626,놀이터,nominatim
모란공원 어린이놀이시설,중구,인천광역시 중구 운서동 7205-2,37.48447,126.48626,놀이터,nominatim
인천공항어린이집 놀이터-2,중구,인천광역시 중구 운서동 2851-33,37.48447,126.48626,놀이터,nominatim
한별프라이빌 놀이터,중구,인천광역시 중구 인중로63번길 28 (신흥동3가),37.4634659,126.6344122,놀이터,nominatim
대림아파트 놀이터,중구,인천광역시 중구 인중로 114 (신흥동1가),37.4665074,126.6304424,놀이터,nominatim
앵두공원 어린이놀이시설,중구,인천광역시 중구 운서동 2652,37.48447,126.48626,놀이터,nominatim
초롱공원 어린이놀이시설,중구,인천광역시 중구 운서동 2725-2,37.48447,126.48626,놀이터,nominatim
나리공원 어린이놀이시설,중구,인천광역시 중구 운서동 2747-7,37.48447,126.48626,놀이터,nominatim
독점어린이공원,남동구,인천광역시 남동구 구월동 1215-32외,37.4522082325191,126.713610587982,놀이터,kakao
이화어린이공원,남동구,인천광역시 남동구 간석동 439,37.4627241102145,126.703532356114,놀이터,kakao
동일어린이공원,남동구,인천광역시 남동구 간석동 508-30,37.4555520416078,126.698461443639,놀이터,kakao
하늘어린이공원,남동구,인천광역시 남동구 간석동 939-5,37.4571258634516,126.710103217496,놀이터,kakao
애향어린이공원,남동구,인천광역시 남동구 간석동 91-2,37.4664802946998,126.713455097641,놀이터,kakao
아지랑이어린이공원,남동구,인천광역시 남동구 간석동 37-79,37.4658165278079,126.718556311607,놀이터,kakao
풍년길어린이공원,남동구,인천광역시 남동구 간석동 37-264,37.4653136624681,126.717984194792,놀이터,kakao
주원어린이공원,남동구,인천광역시 남동구 간석동 574-39,37.4673090706177,126.70174189759,놀이터,kakao
석정어린이공원,남동구,인천광역시 남동구 간석동 610,37.4679975497679,126.69710911654,놀이터,kakao
양지어린이공원,남동구,인천광역시 남동구 간석동 242,37.466572989055,126.706254846079,놀이터,kakao
간석육교어린이공원,남동구,인천광역시 남동구 간석동 587-15,37.4653610339648,126.699372580952,놀이터,kakao
벌터고개어린이공원,남동구,인천광역시 남동구 간석동 606-19,37.4657234090418,126.697602883392,놀이터,kakao
산밑말근린공원,남동구,인천광역시 남동구 만수동 산1-31,37.4678699658989,126.73566243556,놀이터,kakao
돌골어린이공원,남동구,인천광역시 남동구 만수동822-31,37.4619642285442,126.73639566775,놀이터,kakao
만부1호어린이공원,남동구,인천광역시 남동구 만수동1-110,37.4661467658122,126.738569065503,놀이터,kakao
만월쉼터어린이공원,남동구,인천광역시 남동구 만수동 산6-2,37.4663537228428,126.727167837082,놀이터,kakao
만수어린이공원,남동구,인천광역시 남동구 만수동922,37.4536851781753,126.727601856502,놀이터,kakao
오봉근린공원(물놀이장),남동구,인천광역시 남동구 도림동 631 외,37.4177740519267,126.730835816277,놀이터,kakao
흰여울어린이공원,남동구,인천광역시 남동구 서창동637,37.429839470746,126.744025836414,놀이터,kakao
숲속어린이공원,남동구,인천광역시 남동구 서창동648,37.4298475946138,126.750821892236,놀이터,kakao
오름어린이공원,남동구,인천광역시 남동구 서창동659,37.4254893428367,126.752431235202,놀이터,kakao
하얀어린이공원,남동구,인천광역시 남동구 서창동716,37.4190911813095,126.750992418896,놀이터,kakao
논현중앙근린공원(놀이터),남동구,인천광역시 남동구 논현동 611-7 외,37.4028145499565,126.726048142728,놀이터,kakao
은봉어린이공원,남동구,인천광역시 남동구 논현동 592-12,37.407930533461,126.724266919101,놀이터,kakao
산마루어린이공원,남동구,인천광역시 남동구 논현동 595-17,37.4089793634991,126.730579030051,놀이터,kakao
논현포대근린공원,남동구,인천광역시 남동구 논현동 578-1 외,37.4078547184168,126.70851194311,놀이터,kakao
늘솔길근린공원,남동구,인천광역시 남동구 논현동738-8,37.3934800341845,126.721208099814,놀이터,kakao
청룡어린이공원 놀이터,연수구,인천광역시 연수구 옥련동 산63-2,37.4235575621746,126.657825807751,놀이터,kakao
동곡어린이공원 놀이터,연수구,인천광역시 연수구 동춘동 56일원,37.4158314303124,126.672514672867,놀이터,kakao
영종국제도시 서한 이다음 어린이놀이터2(104동 옆),중구,인천광역시 중구 중산동 1889-1,37.495178891214,126.558008486253,놀이터,kakao
운서역금강펜트리옴 -어린이놀이터1,중구,인천광역시 중구 하늘초롱길 63 운서동3084-1(1005동 앞),37.4907157164154,126.503889339469,놀이터,kakao
운서역금강펜트리옴 -어린이놀이터2,중구,인천광역시 중구 하늘초롱길 63 운서동3084-1 (1007동 앞),37.4907157164154,126.503889339469,놀이터,kakao
운서역금강펜트리옴 -어린이놀이터3,중구,인천광역시 중구 하늘초롱길 63 운서동3084-1 (1002동 앞),37.4907157164154,126.503889339469,놀이터,kakao
운서역금강펜트리옴 -유아놀이터,중구,인천광역시 중구 하늘초롱길 63 운서동3084-1 (키즈센터앞),37.4907157164154,126.503889339469,놀이터,kakao
동화마을 어린이놀이터,중구,인천광역시 중구 동화마을안길 7 (지번주소:인천 중구 송월동 3가 11-36),37.4788451419739,126.620399551586,놀이터,kakao
인스파이어호텔 패밀리파크 어린이놀이터,중구,인천광역시 중구 용유로 700 인스파이어호텔 패밀리파크,37.4652582279902,126.375735811829,놀이터,kakao
미단시티누구나집 - 유아놀이터,중구,인천광역시 중구 운북동 1366-8 (어린이집 앞),37.5248895628116,126.506569331776,놀이터,kakao
미단시티누구나집 - 어린이놀이터4,중구,인천광역시 중구 운북동 1366-8 (102동 측면),37.5248895628116,126.506569331776,놀이터,kakao
미단시티누구나집 - 어린이놀이터3,중구,인천광역시 중구 운북동 1366-8 (108동 앞),37.5248895628116,126.506569331776,놀이터,kakao
미단시티누구나집 - 어린이놀이터2,중구,인천광역시 중구 운북동 1366-8 (107동 뒤),37.5248895628116,126.506569331776,놀이터,kakao
미단시티누구나집 - 어린이놀이터1,중구,인천광역시 중구 운북동 1366-8 (103동 뒤),37.5248895628116,126.506569331776,놀이터,kakao
영종하늘도시한신더휴 유아놀이터(어린이집 앞),중구,인천광역시 중구 중산동 1880-2 영종하늘도시한신더휴 아파트,37.4970708144556,126.556111202487,놀이터,kakao
영종하늘도시한신더휴 어린이놀이터1(109동 앞),중구,인천광역시 중구 중산동 1880-2,37.4970708144556,126.556111202487,놀이터,kakao
인천 영종도 인스파이어호텔 어린이놀이터,중구,인천광역시 중구 용유로 700 (운서동),37.4652582279902,126.375735811829,놀이터,kakao
파라다이스호텔 영종도점 챔피언더블랙벨트,중구,인천광역시 중구 영종해안남로321번길 186 (운서동),37.437412274746,126.455554729128,놀이터,kakao
인천 영종도 준설토 투기장 항만재개발사업 어린이놀이터,중구,인천광역시 중구 중산동 2004-1,37.5365002307417,126.569621963999,놀이터,kakao
e편한세상 영종국제도시센텀베뉴 775동앞 유아놀이터,중구,인천광역시 중구 중산동 1871-1번지,37.4882543955089,126.5515669266,놀이터,kakao
공항꿈나무 제2어린이집,중구,인천광역시 중구 공항로424번길 69 (운서동),37.4399680823298,126.46389636201,놀이터,kakao
영종국제도시동원로얄듀크아파트 유아놀이터(713동 옆어린이집 옆),중구,"인천광역시 중구 하늘중앙로 272 (중산동, 영종국제도시 동원로얄듀크)",37.4846391493973,126.554215048874,놀이터,kakao
영종국제도시화성파크드림2차 102동옆 유아놀이터,중구,"인천광역시 중구 은하수로 436 (운남동, 화성파크드림2차) 영종국제도시화성파크드림2차 102동옆 유아놀이터",37.4874237083891,126.549397673971,놀이터,kakao
영종국제도시화성파크드림2차 107동옆 어린이놀이터-3,중구,"인천광역시 중구 은하수로 436 (운남동, 화성파크드림2차) 영종국제도시화성파크드림2차 107동옆 어린이놀이터-3",37.4874237083891,126.549397673971,놀이터,kakao
영종국제도시화성파크드림2차 104동앞 어린이놀이터-2,중구,"인천광역시 중구 은하수로 436 (운남동, 화성파크드림2차) 영종국제도시화성파크드림2차 104동앞 어린이놀이터-2",37.4874237083891,126.549397673971,놀이터,kakao
영종국제도시화성파크드림2차 105동앞 어린이놀이터-1,중구,"인천광역시 중구 은하수로 436 (운남동, 화성파크드림2차) 영종국제도시화성파크드림2차 105동앞 어린이놀이터-1",37.4874237083891,126.549397673971,놀이터,kakao
운서sk 뷰 스카이시티2차 242동 어린이놀이터,중구,인천광역시 중구 영종대로 312 (운남동) 인천시 중구 운남동 1598-1,37.4829454239085,126.505741812608,놀이터,kakao
호반써밋스카이센트럴 아파트 유아놀이터,중구,인천광역시 중구 두미포로 113 (중산동) 어린이집앞,37.4943422835256,126.568011631253,놀이터,kakao
호반써밋스카이센트럴 아파트 어린이놀이터 2,중구,인천광역시 중구 두미포로 113 (중산동) 961동 앞,37.4943422835256,126.568011631253,놀이터,kakao
호반써밋스카이센트럴 아파트 어린이놀이터 1,중구,인천광역시 중구 두미포로 113 (중산동) 965동 앞,37.4943422835256,126.568011631253,놀이터,kakao
인천 중부경찰서 직장어린이집 도담놀이터,중구,인천광역시 중구 신포로27번길 44 (관동2가) 관동2가 9,37.4725918146853,126.623131548615,놀이터,kakao
운서SK뷰스카이시티 유아놀이터(216동 사이),중구,인천광역시 중구 흰바위로 203 (운서동) 운서SK뷰스카이시티 유아놀이터(216동 사이),37.4814237236255,126.500940320393,놀이터,kakao
운서SK뷰스카이시티 어린이놀이터2(211-222동 사이),중구,인천광역시 중구 흰바위로 203 (운서동) 운서SK뷰스카이시티 어린이놀이터2(211-222동 사이),37.4814237236255,126.500940320393,놀이터,kakao
구석말공원 어린이놀이시설,중구,"인천광역시 중구 은하수로 465 (중산동, 영종7단지엘에이치) 옆 1871-6",37.484342128169,126.551629996924,놀이터,kakao
운서역 푸르지오더스카이 어린이집 유아놀이터,중구,"인천광역시 중구 흰바위로 277 (운남동, 운서역푸르지오더스카이)",37.4803505391046,126.505956192898,놀이터,kakao
젓개농장공원 유아숲체험원 어린이놀이터,중구,인천광역시 중구 운서동 인천광역시 중구 운서동 3020-1번지,37.5001186946063,126.501125445166,놀이터,kakao
박석공원 물놀이장,중구,인천광역시 중구 하늘중앙로 132 (중산동),37.494735159991,126.563780710572,놀이터,kakao
인천영종A-49BL아파트 4902동 옆 어린이놀이터2,중구,인천광역시 중구 중산동 1887-5번지,37.4946416576886,126.570747590775,놀이터,kakao
영종하늘도시KCC스위첸아파트 104동 앞 놀이시설,중구,인천광역시 중구 중산동 1879-1,37.4925147655414,126.551445566624,놀이터,kakao
영종하늘도시KCC스위첸아파트 112동 어린이놀이터3,중구,인천광역시 중구 중산동 1897-1,37.4973601546593,126.56166884991,놀이터,kakao
영종하늘도시 화성파크드림 유아놀이터 (주민복지관2 앞),중구,인천광역시 중구 중산동 1889-2번지,37.4927715233931,126.560838989851,놀이터,kakao
영종하늘도시 화성파크드림 어린이놀이터2 (104동 옆),중구,인천광역시 중구 중산동 1889-2,37.4927715233931,126.560838989851,놀이터,kakao
유수지근린공원 유아숲체험원 모래놀이터,중구,인천광역시 중구 신도시북로 31-35 (운서동),37.4996627957163,126.480475226894,놀이터,kakao
유승한내들 스카이스테이 아파트 106동 옆 어린이놀이터2,중구,인천광역시 중구 운서동 3101-1번지,37.4872869038679,126.499814835211,놀이터,kakao
송월어린이집놀이터,중구,인천광역시 중구 참외전로37번길 4 (송월동1가) 송월어린이집,37.4798302640891,126.624448396485,놀이터,kakao
영종한신더휴스카이파크아파트 어린이놀이터1(101동 옆),중구,"인천광역시 중구 은하수로 229 (중산동, 한신더휴스카이파크아파트)",37.5009129852009,126.562911637664,놀이터,kakao
e편한세상영종하늘도시2차 유아놀이터(104동 옆),중구,인천광역시 중구 중산동 1887-4,37.4931927517369,126.567780221914,놀이터,kakao
파라다이스시티 호텔 내 어린이놀이시설물,중구,인천광역시 중구 영종해안남로321번길 186 (운서동) 파라다이스시티 호텔 내 어린이놀이시설물,37.437412274746,126.455554729128,놀이터,kakao
영종도 금광누리에뜰 연립주택 어린이놀이시설,중구,인천광역시 중구 신도시북로43번길 76 (운서동) 금광누리에뜰 연립주택,37.5013002510763,126.484667903167,놀이터,kakao
파라다이스시티 호텔 내 어린이놀이시설물(3층),중구,인천광역시 중구 영종해안남로321번길 186 (운서동) 파라다이스호텔,37.437412274746,126.455554729128,놀이터,kakao
씨사이드파크 물놀이장 놀이터,중구,인천광역시 중구 하늘달빛로2번길 6 (중산동),37.4817529989573,126.565811815577,놀이터,kakao
우주탐험 어린이놀이시설 1,중구,인천광역시 중구 영종대로162번길 20 (운서동) 부근,37.4924292986411,126.495394963055,놀이터,kakao
인디언공원 어린이놀이시설,중구,인천광역시 중구 오작로 116 (중산동),37.499634874189,126.567010054136,놀이터,kakao
비밀의벽공원 어린이놀이시설,중구,인천광역시 중구 영종대로 77 (운서동) 영종대로 1007,37.4956413413715,126.487542544508,놀이터,kakao
배곶공원 어린이놀이시설,중구,인천광역시 중구 중산동 1887-16 일원,37.4935800555585,126.565069858772,놀이터,kakao
꽃대궐 어린이공원,중구,인천광역시 중구 오작로 116 (중산동) 오작로 10,37.499634874189,126.567010054136,놀이터,kakao
박석공원 놀이터,중구,인천광역시 중구 오작로 116 (중산동) 두미포로 37,37.499634874189,126.567010054136,놀이터,kakao
옹달샘공원 어린이놀이시설,중구,인천광역시 중구 오작로 116 (중산동) 오작로 85,37.499634874189,126.567010054136,놀이터,kakao
공항꿈나무제1어린이집-1,중구,인천광역시 중구 공항로424번길 47 (운서동),37.4403944092737,126.461333677371,놀이터,kakao
18호어린이공원 놀이터,중구,인천광역시 중구 운중로 140-26 (중산동) (중산동 599),37.4937168111989,126.549509585239,놀이터,kakao
31호어린이공원 놀이터2,중구,인천광역시 중구 백운로 62 (중산동) (중산동 187-86),37.5004098578635,126.549880796337,놀이터,kakao
씨사이드파크 영종진 숲체험장 놀이터,중구,인천광역시 중구 은하수로 294 (중산동) (중산동 1880-5),37.4979269750556,126.557945585222,놀이터,kakao
근린공원37호어린이공원 놀이터,중구,인천광역시 중구 남디로안길 34-7 (운남동) (운남동 1721),37.4813000857663,126.519962416081,놀이터,kakao
제12호근린공원놀이터,중구,인천광역시 중구 자연대로635번길 37 (운북동) (운북동 1326-5),37.5218197358564,126.506816018503,놀이터,kakao
제10호근린공원놀이터,중구,인천광역시 중구 예단포1로 2-3 (운북동) (운복동 1314-7),37.5306980116064,126.502343156686,놀이터,kakao
해양광장 물놀이장,중구,인천광역시 중구 연안부두로 36 (항동7가),37.4554968906649,126.601825124801,놀이터,kakao
인천 영마루공원 놀이시설,중구,인천광역시 중구 영종대로 77 (운서동),37.4956413413715,126.487542544508,놀이터,kakao
삼익아파트놀이터-2,중구,인천광역시 중구 인중로 87 (신흥동2가) 삼익아파트,37.4648502455689,126.633286005495,놀이터,kakao
기린공원 어린이놀이시설,중구,인천광역시 중구 운남로 259(운남동) 인천시 중구 운남동 1657-36,37.4998540736976,126.537321813782,놀이터,kakao
크라켄공원 어린이놀이시설,중구,인천광역시 중구 운남로82번길 6(운남동) 인천시 중구 운남동 1631-9,37.4848536901404,126.53363194545,놀이터,kakao
새부리공원 어린이놀이시설,중구,인천광역시 중구 관창로 63(운남동) 인천시 중구 운남동 1681-3,37.493440405395,126.51922592851,놀이터,kakao
13호 어린이공원,중구,인천광역시 중구 관창로 63(운남동) 인천시 중구 운남동 1684-10,37.493440405395,126.51922592851,놀이터,kakao
무지개길공원2 어린이놀이시설,중구,인천광역시 중구 관창로 63(운남동) 인천시 중구 운남동 1690-14,37.493440405395,126.51922592851,놀이터,kakao
캐리비안해적공원 어린이놀이시설,중구,인천광역시 중구 관창로 63(운남동) 중구 운남동 1618-1,37.493440405395,126.51922592851,놀이터,kakao
8호 어린이공원 놀이터,중구,인천광역시 중구 관창로 63(운남동) 중구 운남동 공유수면 매립예정지(씨사이드파크 염전인접),37.493440405395,126.51922592851,놀이터,kakao
영종하늘도시 신명스카이뷰아파트 746동 앞 놀이터,중구,"인천광역시 중구 하늘달빛로 95 (중산동, 신명스카이뷰주얼리) 746동 앞 놀이터",37.4855182806795,126.555872247777,놀이터,kakao
영종하늘도시 신명스카이뷰아파트 노인정 옆 놀이터,중구,"인천광역시 중구 하늘달빛로 95 (중산동, 신명스카이뷰주얼리) 노인정 옆 놀이터",37.4855182806795,126.555872247777,놀이터,kakao
영종하늘도시 신명스카이뷰아파트 742동 앞 놀이터,중구,"인천광역시 중구 하늘달빛로 95 (중산동, 신명스카이뷰주얼리) 742동 앞 놀이터",37.4855182806795,126.555872247777,놀이터,kakao
영종도 현대힐스테이트아파트 909동910동사이어린이놀이터3,중구,"인천광역시 중구 하늘별빛로 66, 영종힐스테이트 (중산동)",37.4912757742443,126.566229128624,놀이터,kakao
영종한라비발디아파트 어린이놀이터2 (925동),중구,"인천광역시 중구 하늘별빛로 86, 한라비발디 (중산동)",37.4926288872228,126.563511171235,놀이터,kakao
영종한라비발디아파트 어린이놀이터1 (931동),중구,인천광역시 중구 하늘별빛로 86 (중산동),37.4926288872228,126.563511171235,놀이터,kakao
영종하늘도시우미린2단지 753동 놀이터,중구,"인천광역시 중구 하늘달빛로 113, 우미린2단지 (중산동)",37.4870311100308,126.553685466398,놀이터,kakao
영종하늘도시 동보노빌리티아파트 유아놀이터 성큰(지하),중구,"인천광역시 중구 하늘달빛로 65, 동보노빌리티 (중산동)",37.4847517664153,126.558652662522,놀이터,kakao
영종LH7단지아파트 유아놀이터,중구,"인천광역시 중구 은하수로 465 (중산동, 영종7단지엘에이치)",37.484342128169,126.551629996924,놀이터,kakao
영종한양수자인아파트 관리동 놀이터,중구,"인천광역시 중구 은하수로 377, 한양수자인 (중산동)",37.4907001907671,126.553573063148,놀이터,kakao
영종우미린1단지 824동 놀이터,중구,인천광역시 중구 은하수로 351 (중산동，우미린1단지),37.4933025218857,126.555022507777,놀이터,kakao
영종우미린1단지 826동 놀이터,중구,"인천광역시 중구 은하수로 351, 우미린1단지 (중산동)",37.4933025218857,126.555022507777,놀이터,kakao
1호어린이공원 놀이터,중구,인천광역시 중구 운북동 1297-3,37.5266306190498,126.513972886843,놀이터,kakao
비둘기어린이집 실외놀이터,중구,인천광역시 중구 자유공원서로29번길 3-19 (북성동3가),37.4766609983658,126.619777159028,놀이터,kakao
영종1단지LH아파트 어린이놀이터3,중구,"인천광역시 중구 영종대로278번길 50 (운서동, 영종엘에이치1단지)",37.4846692601697,126.499290025587,놀이터,kakao
인천중구청직장어린이집놀이터 (실외),중구,인천광역시 중구 신포로39번길 71 (송학동1가) 인천중구청직장어린이집놀이터 (실외),37.4740253801673,126.622362168574,놀이터,kakao
신흥아이파크아파트 중앙 놀이터,중구,인천광역시 중구 인항로 30 (신흥동3가),37.4573695075725,126.633216519398,놀이터,kakao
영종풍림6-1아파트 놀이터,중구,인천광역시 중구 신도시북로 44 (운서동),37.4997043520935,126.486517681776,놀이터,kakao
신흥경남아너스빌아파트 놀이터,중구,인천광역시 중구 서해대로 439 (신흥동1가),37.4664412533284,126.632999142363,놀이터,kakao
영종주공12단지아파트 관리동앞 놀이터,중구,인천광역시 중구 신도시남로 92 (운서동),37.4897020501565,126.48937284064,놀이터,kakao
영종풍림6-2아파트 622동뒤 놀이터,중구,인천광역시 중구 신도시북로 68 (운서동),37.4991873860639,126.487727296925,놀이터,kakao
비취맨션3단지아파트10동앞놀이터,중구,인천광역시 중구 축항대로86번길 47 (항동7가),37.4517673879313,126.60497770554,놀이터,kakao
영종주공스카이빌7단지아파트 관리사무소뒤 놀이터,중구,인천광역시 중구 신도시북로 18 (운서동),37.4967235638844,126.485891593837,놀이터,kakao
금호베스트빌 2차아파트 놀이터(202동 옆),중구,인천광역시 중구 흰바위로 14 (운서동，금호베스트빌),37.4920976088339,126.48685324436,놀이터,kakao
금호베스트빌 1차아파트 105동 앞 놀이시설,중구,인천광역시 중구 신도시남로 15 (운서동),37.4944252209754,126.485811344116,놀이터,kakao
인천보라매아동센터 놀이시설,중구,인천광역시 중구 백운로528번길 57 (운북동) 운북동,37.5194336819549,126.503580264168,놀이터,kakao
양문선교어린이집 놀이시설,중구,인천광역시 중구 답동로30번길 29 (경동),37.4717378448088,126.633008065556,놀이터,kakao
사랑어린이집 놀이시설,중구,인천광역시 중구 신도시북로88번길 11-3 (운서동),37.4995663583142,126.48922843626,놀이터,kakao
상아어린이집 놀이시설,중구,인천광역시 중구 신도시북로43번길 83 (운서동),37.5011114335332,126.487138749559,놀이터,kakao
신광초등학교어린이집 놀이터,중구,인천광역시 중구 인중로 63 (신흥동3가),37.4643550322277,126.634530117046,놀이터,kakao
동원베네스트영종타운 113동 놀이터,중구,인천광역시 중구 신도시북로43번길 27 (운서동),37.5002434037714,126.48254988898,놀이터,kakao
영종자이 109동 놀이터,중구,"인천광역시 중구 운남서로 7 (운남동, 영종자이아파트) 109동 놀이터",37.4879272154171,126.531340575155,놀이터,kakao
영종자이 112동 놀이터,중구,"인천광역시 중구 운남서로 7 (운남동, 영종자이아파트) 112동 놀이터",37.4879272154171,126.531340575155,놀이터,kakao
영종자이 103동 놀이터,중구,"인천광역시 중구 운남서로 7 (운남동, 영종자이아파트)",37.4879272154171,126.531340575155,놀이터,kakao
영종자이 106동 놀이터,중구,"인천광역시 중구 운남서로 7 (운남동, 영종자이아파트) 106동 놀이터",37.4879272154171,126.531340575155,놀이터,kakao
영종자이 115동 놀이터,중구,"인천광역시 중구 운남서로 7 (운남동, 영종자이아파트) 115동 놀이터",37.4879272154171,126.531340575155,놀이터,kakao
제2호 근린공원 놀이터,중구,인천광역시 중구 운북동 1280-3,37.5191537438708,126.532209324215,놀이터,kakao
효성어린이집 놀이터,중구,인천광역시 중구 백운로 34 (중산동),37.5010123199487,126.55262267154,놀이터,kakao
금호어울림2차아파트 놀이터,중구,"인천광역시 중구 영종대로327번길 12 (운서동, 영종어울림아파트2차) 영종어울림2차",37.4826012341678,126.50928485191,놀이터,kakao
영종주공10스카이빌아파트 유아놀이터,중구,"인천광역시 중구 흰바위로 34 (운서동, 영종주공스카이빌아파트) 유아놀이터",37.4905420396862,126.489495348613,놀이터,kakao
영종금호어울림1차아파트 102동 놀이터,중구,인천광역시 중구 운서4로 18 (운서동),37.4817124868872,126.50930637977,놀이터,kakao
영종주공10스카이빌아파트 중앙놀이터,중구,"인천광역시 중구 흰바위로 34 (운서동, 영종주공스카이빌아파트) 중앙놀이터",37.4905420396862,126.489495348613,놀이터,kakao
구립장미어린이집 놀이터,중구,인천광역시 중구 참외전로174번길 12-1 (경동),37.471945263384,126.634784259158,놀이터,kakao
중부감리교회 놀이터,중구,인천광역시 중구 신포로47번길 7 (송학동3가) 중부감리교회 놀이터,37.4731348747625,126.625462821125,놀이터,kakao
인천공항어린이집 놀이터,중구,인천광역시 중구 공항로424번길 87 (운서동),37.4411659870344,126.464496771339,놀이터,kakao
선광아파트 놀이터,중구,인천광역시 중구 제물량로 288 (북성동2가),37.4774252673292,126.617694432686,놀이터,kakao
항운아파트 놀이터,중구,인천광역시 중구 서해대로 220 (신흥동3가),37.447201875308,126.624827972792,놀이터,kakao
풍림1차 2-1단지 201동 옆 놀이터,중구,"인천광역시 중구 영종대로27번길 40 (운서동, 풍림아이원아파트)",37.4957102846482,126.484378379359,놀이터,kakao
영종풍림2차 2단지 놀이터,중구,"인천광역시 중구 신도시북로43번길 12 (운서동, 풍림아이원아파트)",37.4996035483716,126.484638965386,놀이터,kakao
송월아파트 놀이터,중구,"인천광역시 중구 참외전로 13 (송월동1가, 송월아파트)",37.4800792864522,126.621816607564,놀이터,kakao
금호베스트빌 2차아파트 놀이터(211동 옆),중구,"인천광역시 중구 흰바위로 14 (운서동, 금호베스트빌)",37.4920976088339,126.48685324436,놀이터,kakao
창보밀레시티2단지 놀이터,중구,"인천광역시 중구 신도시북로43번길 32 (운서동, 창보밀레시티 연립주택)",37.4995051989278,126.483472124156,놀이터,kakao
창보밀레시티1단지 놀이터,중구,"인천광역시 중구 신도시북로43번길 73 (운서동, 창보밀레시티 연립주택)",37.5018023096061,126.487199164473,놀이터,kakao
도원뉴월드아파트 놀이터,중구,"인천광역시 중구 도원로26번길 33-8 (도원동, 뉴월드아파트)",37.4657428402491,126.63859813382,놀이터,kakao
창보밀레시티 5단지 놀이터,중구,인천광역시 중구 영종대로27번길 9 (운서동),37.4964383600994,126.480589388686,놀이터,kakao
답동로얄맨션 놀이터,중구,인천광역시 중구 제물량로 132-3 (답동),37.4699689498751,126.62978897545,놀이터,kakao
풍림아이원 8-2단지 놀이터,중구,"인천광역시 중구 흰바위로 15 (운서동, 영종풍림아이원아파트)",37.4935437381255,126.487025633243,놀이터,kakao
송월남경포브 아파트 놀이터,중구,인천광역시 중구 제물량로 317 (송월동2가),37.4795864063409,126.619142212554,놀이터,kakao
영종풍림2차 3단지 놀이터,중구,"인천광역시 중구 신도시북로43번길 86 (운서동, 풍림아이원아파트)",37.5004755837378,126.485456713219,놀이터,kakao
풍림아이원 3-1-1단지 놀이터,중구,"인천광역시 중구 신도시북로43번길 11 (운서동, 풍림아이원아파트)",37.4990949056751,126.48407476413,놀이터,kakao
삼익아파트 놀이터,중구,"인천광역시 중구 인중로 97 (신흥동2가, 삼익아파트)",37.4647649610067,126.632631944075,놀이터,kakao
창보밀레시티 3단지 놀이터,중구,"인천광역시 중구 영종대로27번길 39 (운서동, 창보밀레시티)",37.4971499173818,126.483619637957,놀이터,kakao
신흥풍림아파트 놀이터,중구,"인천광역시 중구 인중로 109 (신흥동1가, 풍림아이원아파트)",37.4650948802397,126.631956519717,놀이터,kakao
삼안해피하우징아파트 110동앞 놀이터,중구,인천광역시 중구 신도시남로 66 (운서동),37.4896966924399,126.48614227119,놀이터,kakao
금산어린이집 놀이터,중구,인천광역시 중구 백운로351번길 3 (운북동),37.5058305883434,126.519962026481,놀이터,kakao
