유치원명,설립유형,주소,위도,경도,인가총정원수,만3세원아수,만4세원아수,만5세원아수,혼합원아수,총원아수
갑룡초등학교병설유치원,공립(병설),인천광역시 강화군 갑룡길 88,37.74482666,126.5026254,49,8,14,15,0,37
강화유치원,사립(법인),인천광역시 강화군 관청길10번길 7,37.74991928,126.4873368,80,6,17,18,0,41
강화초등학교병설유치원,공립(병설),인천광역시 강화군 북문길 36,37.75122294,126.4853914,14,0,0,0,3,3
교동초등학교병설유치원,공립(병설),인천광역시 강화군 대룡안길29번길 29,37.78345083,126.284159,14,0,0,0,6,6
내가초등학교병설유치원,공립(병설),인천광역시 강화군 강화서로 264,37.72159668,126.3902864,14,0,0,0,8,8
대월초등학교병설유치원,공립(병설),인천광역시 강화군 대월로 216,37.76177001,126.4897098,14,0,0,0,4,4
마니산유치원,공립(단설),인천광역시 강화군 강화남로 510-1,37.65365313,126.4376274,79,6,17,19,0,42
명신초등학교병설유치원,공립(병설),인천광역시 강화군 강화서로560번길 22,37.74460985,126.3896781,14,0,0,0,1,1
삼산초등학교병설유치원,공립(병설),인천광역시 강화군 삼산북로 451,37.70380877,126.3217336,16,0,0,0,4,4
선원초등학교병설유치원,공립(병설),인천광역시 강화군 강화동로 924,37.71537215,126.4794419,45,3,8,12,0,23
송해초등학교병설유치원,공립(병설),인천광역시 강화군 전망대로 93-12,37.7704293,126.4592289,14,0,0,0,5,5
양사초등학교병설유치원,공립(병설),인천광역시 강화군 덕하로 145,37.80450143,126.420566,14,0,0,0,1,1
잠두유치원,사립(법인),인천광역시 강화군 청하동길 36,37.74489516,126.4819209,110,15,14,20,0,49
코끼리유치원,사립(법인),인천광역시 강화군 충렬사로 52-2,37.73687764,126.4821144,132,28,25,36,0,89
하점초등학교병설유치원,공립(병설),인천광역시 강화군 강화대로 1190,37.77415761,126.4129788,14,0,0,0,6,6
합일초등학교병설유치원,공립(병설),인천광역시 강화군 합일길 3,37.74485437,126.48246,14,0,0,0,5,5
해명초등학교병설유치원,공립(병설),인천광역시 강화군 삼산남로 345,37.6682981,126.3621342,14,0,0,0,2,2
건영유치원,사립(법인),인천광역시 미추홀구 인하로221번길 19,37.4493506,126.6725892,215,45,73,85,0,203
국현유치원,사립(사인),인천광역시 미추홀구 미추홀대로597번길 42,37.45101979,126.6772203,229,56,57,65,0,178
그림나라유치원,사립(사인),인천광역시 미추홀구 소성로332번길 10,37.4370892,126.6838196,160,27,27,34,0,88
금호유치원,사립(사인),인천광역시 미추홀구 매소홀로 54,37.45034214,126.6318707,142,41,46,55,0,142
노벨유치원,사립(사인),인천광역시 미추홀구 낙섬중로 74,37.45422759,126.6397403,105,18,22,30,0,70
다솜유치원,사립(사인),인천광역시 미추홀구 학익소로23번길 11,37.44559584,126.6697987,49,12,12,18,0,42
대청초등학교병설유치원,공립(병설),인천광역시 옹진군 대청로244번길 110,37.83288072,124.6959348,14,0,0,0,6,6
덕적초등학교병설유치원,공립(병설),인천광역시 옹진군 덕적남로 15,37.22577495,126.1475736,14,0,0,0,5,5
도담유치원,사립(사인),인천광역시 미추홀구 인하로 319,37.4481313,126.6837682,140,0,0,0,0,0
동원유치원,사립(사인),인천광역시 미추홀구 인하로235번길 27,37.44958034,126.6741201,270,48,52,82,0,182
뒤나미스유치원,사립(사인),인천광역시 중구 오작로 116,37.49963413,126.5670097,418,100,130,140,0,370
무지개유치원,사립(사인),인천광역시 중구 눈돌로 35,37.49210783,126.4844801,244,69,75,83,0,227
미주유치원,사립(사인),인천광역시 미추홀구 석정로461번길 19,37.46709427,126.6865693,200,38,57,73,0,168
밀알유치원,사립(법인),인천광역시 미추홀구 장고개로42번길 42,37.4700519,126.6689975,221,67,78,74,0,219
박문유치원,사립(법인),인천광역시 중구 우현로50번길 2,37.47108306,126.629934,168,0,0,0,146,146
반디유치원,사립(사인),인천광역시 미추홀구 매소홀로 340,37.44070696,126.6575763,171,40,52,56,0,148
백령성모유치원,사립(법인),인천광역시 옹진군 백령로254번길 66,37.97278615,124.7198468,70,0,0,0,13,13
북포초등학교병설유치원,공립(병설),인천광역시 옹진군 가을길 117,37.95881414,124.6608253,18,0,0,3,0,3
산새소리유치원,사립(사인),인천광역시 동구 송림로117번길 6,37.47713351,126.6477041,217,1,5,13,0,19
성바오로유치원,사립(법인),인천광역시 미추홀구 경인남길102번길 50,37.4523731,126.6598523,210,0,0,0,127,127
세종유치원,사립(사인),인천광역시 미추홀구 낙섬서로 77,37.45593735,126.637624,107,21,54,30,0,105
소명유치원,사립(사인),인천광역시 미추홀구 낙섬동로 71-1,37.45218468,126.6410398,180,40,48,75,0,163
솔빛유치원,사립(사인),인천광역시 동구 화수로 2,37.48030616,126.636645,168,36,23,44,0,103
솔샘유치원,사립(사인),인천광역시 미추홀구 석산로 38,37.4618494,126.696396,156,36,59,44,0,139
송현유치원,사립(사인),인천광역시 동구 화수로 40,37.48337539,126.6348183,234,20,32,44,0,96
숭의유치원,사립(법인),인천광역시 미추홀구 독배로 485,37.46064213,126.6450328,88,27,21,28,0,76
신동아유치원,사립(사인),인천광역시 미추홀구 매소홀로475번길 18,37.4410578,126.676924,150,2,9,6,0,17
연평초등학교병설유치원,공립(병설),인천광역시 옹진군 연평로137번길 101,37.66432188,125.7012726,14,0,0,0,11,11
연흥유치원,사립(사인),인천광역시 미추홀구 석정로434번길 12,37.46576282,126.6832797,146,25,36,21,0,82
영종유치원,공립(단설),인천광역시 중구 백운로 57-25,37.49918613,126.5500423,192,44,64,72,0,180
영흥초등학교병설유치원,공립(병설),인천광역시 옹진군 영흥로 440-8,37.25471386,126.4670302,14,0,0,0,8,8
예원유치원,사립(사인),인천광역시 동구 송현로 63-3,37.48094481,126.6383179,74,6,13,9,0,28
용화유치원,사립(법인),인천광역시 미추홀구 주염로 29,37.46820178,126.6818333,192,0,33,55,0,88
유원유치원,사립(사인),인천광역시 미추홀구 낙섬중로 102,37.45577215,126.6421718,95,23,43,26,0,92
이튼유치원,사립(사인),인천광역시 중구 남디로안길 34-7,37.4813013,126.519963,269,80,87,102,0,269
인천경원초등학교병설유치원,공립(병설),인천광역시 미추홀구 경인로 511,37.46129074,126.6956922,36,0,5,11,0,16
인천공항유치원,공립(단설),인천광역시 중구 신도시남로 43,37.49186312,126.4860013,84,12,32,36,0,80
인천공항초등학교신도분교장병설유치원,공립(병설),인천광역시 옹진군 신도로896번길 18-31,37.52068944,126.4433371,14,0,0,0,2,2
인천남부초등학교이작분교장병설유치원,공립(병설),인천광역시 옹진군 자월면 대이작로 60,37.17676235,126.2527598,14,0,0,0,1,1
인천대화초등학교병설유치원,공립(병설),인천광역시 미추홀구 석정로301번길 13,37.46902019,126.6685319,34,0,0,6,2,8
인천도화초등학교병설유치원,공립(병설),인천광역시 미추홀구 경인로 242,37.46315551,126.6678187,34,0,0,13,8,21
인천만석초등학교병설유치원,공립(병설),인천광역시 동구 제물량로 412,37.48419403,126.6285929,15,0,0,0,1,1
인천문학초등학교병설유치원,공립(병설),인천광역시 미추홀구 매소홀로 553,37.43953284,126.6825262,15,0,0,0,6,6
인천별빛초등학교병설유치원,공립(병설),인천광역시 중구 은하수로 402,37.49085216,126.5508076,67,11,17,35,0,63
인천서림초등학교병설유치원,공립(병설),인천광역시 동구 금곡로 105,37.47538014,126.6471692,34,0,0,9,5,14
인천서화초등학교병설유치원,공립(병설),인천광역시 미추홀구 송림로 250,37.47398611,126.6608134,48,3,5,7,0,15
인천서흥초등학교병설유치원,공립(병설),인천광역시 동구 샛골로 189,37.47952711,126.6446593,15,0,0,0,5,5
인천송림초등학교병설유치원,공립(병설),인천광역시 동구 화도진로 10,37.47377103,126.6374351,34,0,0,4,6,10
인천송현초등학교병설유치원,공립(병설),인천광역시 동구 송화로 45,37.48208663,126.6333642,15,0,0,0,6,6
인천숭의초등학교병설유치원,공립(병설),인천광역시 미추홀구 장천로 99,37.46372037,126.6557076,19,0,0,15,0,15
인천신선초등학교병설유치원,공립(병설),인천광역시 중구 축항대로291번길 33,37.45138742,126.6275639,48,11,5,14,0,30
인천신흥초등학교병설유치원,공립(병설),인천광역시 중구 제물량로 134,37.47024571,126.6282027,34,0,0,7,10,17
인천연안초등학교병설유치원,공립(병설),인천광역시 중구 연안부두로33번길 53,37.45368752,126.6076254,48,9,9,9,0,27
인천연학초등학교병설유치원,공립(병설),인천광역시 미추홀구 주승로 20,37.44356467,126.6719174,48,9,16,9,0,34
인천영종초등학교병설유치원,공립(병설),인천광역시 중구 하늘달빛로 133,37.48876737,126.5529329,48,12,17,19,0,48
인천용유초등학교병설유치원,공립(병설),인천광역시 중구 남북로87번길 4,37.44825174,126.4123737,15,0,0,0,10,10
인천용일초등학교병설유치원,공립(병설),인천광역시 미추홀구 인주대로 244,37.45245028,126.6633619,36,0,3,6,0,9
인천용정초등학교병설유치원,공립(병설),인천광역시 미추홀구 독정안길 26,37.45943725,126.6572348,15,0,0,0,10,10
인천용학초등학교병설유치원,공립(병설),인천광역시 미추홀구 용정공원로83번길 9,37.44676348,126.6434992,84,12,33,38,0,83
인천용현남초등학교자월분교장병설유치원,공립(병설),인천광역시 옹진군 자월서로 177,37.25382064,126.3064722,14,0,0,0,1,1
인천주안초등학교병설유치원,공립(병설),인천광역시 미추홀구 남주길69번길 16,37.45465347,126.6738978,48,7,12,11,0,30
인천중산초등학교병설유치원,공립(병설),인천광역시 중구 두미포로 100,37.49471569,126.5653914,84,12,34,38,0,84
인천창영초등학교병설유치원,공립(병설),인천광역시 동구 우각로15번길 16,37.47186486,126.6394562,15,0,0,0,3,3
인천하늘초등학교병설유치원,공립(병설),인천광역시 중구 은하수로 294,37.49792717,126.5579454,48,12,17,19,0,48
인천학익초등학교병설유치원,공립(병설),인천광역시 미추홀구 한나루로403번길 122,37.44655727,126.6582866,36,0,2,3,0,5
자유유치원,공립(단설),인천광역시 중구 자유공원로 105,37.47838072,126.6223085,182,24,39,23,0,86
재능대학교부속유치원,사립(법인),인천광역시 동구 재능로 178,37.4748411,126.6502911,210,62,58,53,0,173
지영유치원,사립(사인),인천광역시 중구 도원로8번길 28,37.46443705,126.6377491,163,21,19,32,0,72
진흥유치원,사립(사인),인천광역시 미추홀구 주승로 109,37.4457371,126.6817826,127,22,35,55,0,112
참빛유치원,사립(사인),인천광역시 미추홀구 수봉로135번길 31,37.45834004,126.6659619,144,23,20,34,0,77
초롱유치원,사립(사인),인천광역시 중구 영종대로27번길 6,37.49675354,126.4829959,153,33,24,48,0,105
프라임건영유치원,사립(법인),인천광역시 미추홀구 남주길11번길 79,37.45746615,126.6720455,122,15,25,45,0,85
하늘유치원,사립(사인),인천광역시 미추홀구 미추홀대로626번길 47,37.45336864,126.6826661,68,18,23,27,0,68
한빛유치원,사립(사인),인천광역시 미추홀구 소성로 120,37.44250202,126.6608105,134,38,46,49,0,133
한울유치원,사립(사인),인천광역시 동구 솔빛로 17,37.47681331,126.6353916,184,34,29,39,0,102
해님나라유치원,사립(사인),인천광역시 중구 은골로 42,37.4963934,126.4917094,224,63,78,58,0,199
해승유치원,사립(사인),인천광역시 미추홀구 학익소로61번길 93,37.44288996,126.6753311,120,22,42,27,0,91
간석유치원,사립(사인),인천광역시 남동구 석산로220번길 18,37.46003524,126.7159547,113,10,14,20,0,44
경희유치원,사립(사인),인천광역시 남동구 찬우물로 9-3,37.43863139,126.718626,240,41,67,78,0,186
글로벌레인보우유치원,사립(사인),인천광역시 연수구 센트럴로 233,37.39599034,126.6366422,605,216,200,189,0,605
기암유치원,사립(사인),인천광역시 남동구 서판로 43,37.46424158,126.7246574,230,14,19,27,0,60
꿈동산유치원,사립(사인),인천광역시 연수구 용담로 3,37.42394445,126.669667,168,58,44,66,0,168
꿈의보람유치원,사립(사인),인천광역시 남동구 인주대로721번길 56,37.45181537,126.7175201,74,21,20,22,0,63
논현유치원,공립(단설),인천광역시 남동구 은봉로 177,37.40554166,126.7098063,85,22,11,26,0,59
다샘유치원,사립(사인),인천광역시 연수구 먼우금로83번길 12,37.40688132,126.6697261,130,18,28,21,0,67
다슬기유치원,사립(법인),인천광역시 연수구 새말로 134,37.41707014,126.6831688,200,23,23,28,0,74
동심유치원,사립(사인),인천광역시 남동구 성말로35번길 61,37.4480341,126.704812,308,17,53,50,0,120
동화나라유치원,사립(사인),인천광역시 연수구 원인재로 14,37.40175348,126.669979,160,21,22,40,0,83
미상지유치원,사립(사인),인천광역시 연수구 용담로62번길 14,37.41826437,126.6733043,180,49,49,55,0,153
미예뜰유치원,사립(사인),인천광역시 남동구 경신로 42,37.44214721,126.7277596,193,47,62,71,0,180
바다의별유치원,사립(사인),인천광역시 연수구 옥련로 33,37.42785064,126.6446006,139,38,33,48,0,119
반디유치원,사립(사인),인천광역시 남동구 서창남순환로 124,37.42927647,126.7438878,346,52,65,91,0,208
복자유치원,사립(법인),인천광역시 남동구 백범로247번길 47-23,37.45891018,126.7231619,350,29,38,42,0,109
부광예능유치원,사립(사인),인천광역시 연수구 원인재로 56,37.40356692,126.6744728,135,25,21,25,0,71
부광유치원,사립(사인),인천광역시 연수구 원인재로 124,37.40947453,126.6796701,170,37,31,35,0,103
브레인유치원,사립(사인),인천광역시 남동구 논고개로175번길 22-9,37.40698972,126.7215636,299,25,42,71,0,138
사랑유치원,사립(사인),인천광역시 연수구 선학로 100,37.42729766,126.6997504,118,16,32,53,0,101
삼성유치원,사립(사인),인천광역시 남동구 용천로 49,37.45394208,126.7139153,120,12,21,36,0,69
새싹유치원,사립(사인),인천광역시 연수구 청량로109번길 22,37.41733349,126.6540963,210,40,33,36,0,109
새예지유치원,사립(사인),인천광역시 남동구 용천로 50,37.45388754,126.714932,160,38,50,56,0,144
새인예유치원,사립(사인),인천광역시 남동구 구월남로 52-1,37.45362772,126.6950683,70,0,0,0,60,60
새하늘유치원,사립(사인),인천광역시 연수구 원인재로 232,37.41518937,126.6884552,90,24,24,23,0,71
샤인유치원,사립(법인),인천광역시 남동구 은봉로375번길 108,37.40875943,126.7309803,229,40,56,80,0,176
소담숲유치원,사립(사인),인천광역시 남동구 남동대로 860-1,37.45719092,126.7107267,147,47,47,42,0,136
송도국제유치원,사립(사인),인천광역시 연수구 송도교육로 27,37.37335699,126.6567179,532,130,150,162,0,442
수피아유치원,사립(사인),인천광역시 남동구 찬우물로29번길 12,37.43764582,126.7214347,320,73,52,59,0,184
신도유치원,사립(사인),인천광역시 연수구 먼우금로 302,37.42262609,126.6829072,120,23,21,34,0,78
신명유치원,사립(사인),인천광역시 남동구 백범로101번길 25,37.45255104,126.734473,139,20,34,26,0,80
아름솔유치원,사립(사인),인천광역시 연수구 청능대로 124,37.41131286,126.6768844,150,27,46,48,0,121
아삽유치원,사립(사인),인천광역시 남동구 백범로247번길 58,37.45799005,126.7215419,80,8,18,18,0,44
아이웰유치원,사립(사인),인천광역시 연수구 청량로194번길 6,37.42406672,126.6529808,144,44,39,59,0,142
아이큰별유치원,사립(사인),인천광역시 남동구 선수촌공원로 56,37.44398402,126.7104126,308,36,48,62,0,146
에듀피아유치원,사립(법인),인천광역시 남동구 장아산로232번길 16-5,37.43033437,126.7507768,426,57,117,129,0,303
에이스화인유치원,사립(사인),인천광역시 남동구 에코중앙로84번길 9,37.38619996,126.7210337,400,123,122,153,0,398
연수유치원,사립(사인),인천광역시 연수구 새말로 111,37.41953773,126.6835136,156,33,25,41,0,99
예다원유치원,사립(사인),인천광역시 남동구 앵고개로941번길 23,37.4035649,126.7341751,390,70,128,133,0,331
온누리비전유치원,사립(사인),인천광역시 연수구 청량로185번길 16,37.42387703,126.6523481,103,30,23,32,0,85
유엔유치원,사립(사인),인천광역시 연수구 랜드마크로 113,37.41343662,126.6179002,370,94,123,124,29,370
인보유치원,사립(사인),인천광역시 연수구 원인재로 312,37.42136568,126.6958744,120,15,16,18,0,49
인천간석초등학교병설유치원,공립(병설),인천광역시 남동구 석산로208번길 37,37.45932885,126.716131,67,5,9,13,0,27
인천고잔유치원,공립(단설),인천광역시 남동구 앵고개로815번길 71,37.39664266,126.7217836,104,20,33,33,0,86
인천고잔초등학교병설유치원,공립(병설),인천광역시 남동구 아암대로1503번길 48,37.3929192,126.7285332,55,0,12,30,0,42
인천구월유치원,공립(단설),인천광역시 남동구 인하로 622,37.44262838,126.7158262,156,32,46,47,0,125
인천논곡초등학교병설유치원,공립(병설),인천광역시 남동구 함박뫼로 429,37.410647,126.7104879,15,0,0,0,7,7
인천도림초등학교병설유치원,공립(병설),인천광역시 남동구 논고개로334번길 21,37.41923131,126.7317971,36,0,7,18,0,25
인천동방초등학교병설유치원,공립(병설),인천광역시 남동구 논현역로 31,37.40316099,126.7195496,48,8,10,9,0,27
인천동부초등학교병설유치원,공립(병설),인천광역시 남동구 만수서로33번길 25,37.46298059,126.7275475,16,0,0,0,5,5
인천동춘초등학교병설유치원,공립(병설),인천광역시 연수구 앵고개로 224,37.40960392,126.6683881,48,4,5,8,0,17
인천만수초등학교병설유치원,공립(병설),인천광역시 남동구 소래로 652,37.44730181,126.7347827,52,6,14,10,0,30
인천만월초등학교병설유치원,공립(병설),인천광역시 남동구 선수촌로 28,37.44180612,126.7155204,48,12,8,11,0,31
인천먼우금초등학교병설유치원,공립(병설),인천광역시 연수구 해돋이로84번길 33,37.39330582,126.6541878,48,12,10,14,0,36
인천명선초등학교병설유치원,공립(병설),인천광역시 연수구 컨벤시아대로42번길 64,37.40258006,126.6474372,48,12,17,19,0,48
인천미송유치원,공립(단설),인천광역시 연수구 아카데미로 655,37.41350307,126.6136442,288,68,98,110,0,276
인천미송초등학교병설유치원,공립(병설),인천광역시 연수구 아카데미로 667,37.41477678,126.6133521,84,12,34,38,0,84
인천사리울초등학교병설유치원,공립(병설),인천광역시 남동구 아암대로1437번길 50,37.38857786,126.7235169,31,5,0,6,0,11
인천상아초등학교병설유치원,공립(병설),인천광역시 남동구 석산로184번길 66,37.45747893,126.7120141,48,9,11,7,0,27
인천새봄초등학교병설유치원,공립(병설),인천광역시 연수구 앵고개로104번길 34,37.40969162,126.6576225,48,11,14,12,0,37
인천서창초등학교병설유치원,공립(병설),인천광역시 남동구 장아산로174번길 8,37.43592732,126.7500724,27,10,0,0,9,19
인천소래초등학교병설유치원,공립(병설),인천광역시 남동구 장도로 2,37.40443771,126.7343605,48,12,14,17,0,43
인천송담초등학교병설유치원,공립(병설),인천광역시 연수구 아카데미로 627,37.4102486,126.6148306,67,12,16,32,0,60
인천송도꿈유치원,공립(단설),인천광역시 연수구 송도교육로 79,37.37051362,126.6614733,288,68,98,110,0,276
인천송명초등학교병설유치원,공립(병설),인천광역시 연수구 송도교육로 19,37.37448467,126.6560968,48,12,17,19,0,48
인천송빛초등학교병설유치원,공립(병설),인천광역시 연수구 아카데미로343번길 27,37.38582678,126.6128864,67,11,17,35,0,63
인천송원초등학교병설유치원,공립(병설),인천광역시 연수구 송도과학로51번길 60,37.38595684,126.6692884,48,12,17,19,0,48
인천송일초등학교병설유치원,공립(병설),인천광역시 연수구 컨벤시아대로252번길 15,37.38418597,126.635134,79,24,17,38,0,79
인천신송초등학교병설유치원,공립(병설),인천광역시 연수구 해돋이로56번길 28,37.39064445,126.6577712,67,12,17,23,0,52
인천신월초등학교병설유치원,공립(병설),인천광역시 남동구 인주대로776번길 14,37.44759834,126.7237311,40,0,6,3,0,9
인천신정초등학교병설유치원,공립(병설),인천광역시 연수구 아트센터대로97번길 72,37.39732821,126.6444907,55,0,16,32,0,48
인천예송유치원,공립(단설),인천광역시 연수구 컨벤시아대로302번길 23,37.38097299,126.6312661,192,44,64,72,0,180
인천예송초등학교병설유치원,공립(병설),인천광역시 연수구 컨벤시아대로252번길 75,37.38745383,126.6303401,84,12,33,35,0,80
인천원동초등학교병설유치원,공립(병설),인천광역시 남동구 논고개로 38,37.39689672,126.7308565,48,11,16,12,0,39
인천은송초등학교병설유치원,공립(병설),인천광역시 연수구 센트럴로 460,37.4139322,126.6297164,67,10,15,38,0,63
인천인동초등학교병설유치원,공립(병설),인천광역시 남동구 백범로248번길 38,37.46282755,126.7224917,19,0,0,9,0,9
인천장도초등학교병설유치원,공립(병설),인천광역시 남동구 포구로 112,37.40789778,126.733626,48,1,10,10,0,21
인천장서초등학교병설유치원,공립(병설),인천광역시 남동구 서창남순환로 109,37.42921718,126.745328,79,24,11,28,0,63
인천장수초등학교병설유치원,공립(병설),인천광역시 남동구 담방로 121,37.45051198,126.7417111,38,0,0,6,1,7
인천장아초등학교병설유치원,공립(병설),인천광역시 남동구 서창방산로 93,37.42451149,126.7536905,65,5,23,13,0,41
인천정각초등학교병설유치원,공립(병설),인천광역시 남동구 구월로 228,37.45560093,126.7155989,67,12,16,22,0,50
인천주원초등학교병설유치원,공립(병설),인천광역시 남동구 주안로259번길 28,37.4646833,126.7003232,34,0,0,14,11,25
인천첨단초등학교병설유치원,공립(병설),인천광역시 연수구 송도교육로 20,37.37314427,126.6549363,84,12,34,38,0,84
인천청학초등학교병설유치원,공립(병설),인천광역시 연수구 함박뫼로 25,37.41993023,126.6704681,34,0,0,4,4,8
인천축현초등학교병설유치원,공립(병설),인천광역시 연수구 청량로 176,37.42288473,126.6545728,36,0,11,11,0,22
인천한빛초등학교병설유치원,공립(병설),인천광역시 남동구 서창남순환로 190-28,37.4241953,126.7441352,67,5,17,23,0,45
인천해송초등학교병설유치원,공립(병설),인천광역시 연수구 인천타워대로54번길 46,37.38091123,126.649285,52,12,16,16,0,44
인천현송초등학교병설유치원,공립(병설),인천광역시 연수구 아카데미로312번길 96,37.39389185,126.6203812,67,12,15,36,0,63
자연발도르프유치원,사립(사인),인천광역시 남동구 백범로297번길 26,37.46154495,126.7159467,151,33,43,40,0,116
작은꽃예능유치원,사립(사인),인천광역시 연수구 먼우금로 123,37.41137984,126.6695893,149,21,21,57,0,99
제니스유치원,사립(사인),인천광역시 남동구 서창방산로 99,37.42436733,126.7550469,532,70,65,136,0,271
참아름유치원,사립(사인),인천광역시 연수구 능허대로79번길 30,37.42428936,126.6440623,210,46,54,56,0,156
참조은유치원,사립(사인),인천광역시 남동구 구월로137번길 65 ,37.45972928,126.7052359,155,20,67,68,0,155
청담숲유치원,사립(사인),인천광역시 남동구 만경로8번길 33,37.45608833,126.7291235,176,30,35,51,0,116
청송유치원,사립(사인),인천광역시 연수구 원인재로 88,37.40735321,126.6797414,270,18,36,20,0,74
청학숲유치원,사립(사인),인천광역시 연수구 청학로 49,37.43126789,126.6654373,390,78,111,83,0,272
큰별유치원,사립(사인),인천광역시 연수구 원인재로 81,37.408568,126.6759455,220,50,54,56,0,160
키즈월드유치원,사립(사인),인천광역시 연수구 원인재로 180,37.41267098,126.6859646,120,6,27,14,0,47
푸른마을유치원,사립(사인),인천광역시 남동구 용천로4번길 9-9,37.4502933,126.7145775,210,33,49,40,0,122
프라임명지유치원,사립(사인),인천광역시 남동구 방축로 482,37.4679297,126.6923339,268,41,41,48,0,130
프라임예지유치원,사립(사인),인천광역시 남동구 에코중앙로 192,37.39353883,126.7285925,491,66,131,124,0,321
하늘땅유치원,사립(사인),인천광역시 연수구 함박안로156번길 15-12,37.42603551,126.6838929,266,80,103,83,0,266
해나라유치원,사립(사인),인천광역시 연수구 새말로 21,37.42432459,126.6741376,210,50,51,56,0,157
해돋이유치원,사립(사인),인천광역시 남동구 백범로281번길 3,37.46170439,126.7182447,111,0,0,0,9,9
해승유치원,사립(사인),인천광역시 남동구 석정로539번길 41,37.46770286,126.6954164,159,41,55,52,0,148
해와달유치원,사립(사인),인천광역시 남동구 호구포로535번길 67,37.42923903,126.7146449,210,9,15,15,0,39
행복한유치원,사립(사인),인천광역시 남동구 포구로 64 -14,37.40482255,126.7377017,122,11,17,23,0,51
The큰빛유치원,사립(사인),인천광역시 부평구 장제로195번길 42,37.50330095,126.7284326,247,67,74,106,0,247
경인여자대학교부속유치원,사립(법인),인천광역시 계양구 계양산로 63,37.54792332,126.7235678,140,0,54,67,0,121
계양유치원,사립(사인),인천광역시 계양구 계양산로193번길 20,37.54888181,126.7382215,134,20,19,19,0,58
근산유치원,사립(사인),인천광역시 부평구 영성중로 53,37.52121572,126.7449774,375,20,41,58,0,119
꿈나라유치원,사립(사인),인천광역시 부평구 안남로 272,37.50782698,126.7098106,170,24,36,56,0,116
꿈나무유치원,사립(사인),인천광역시 부평구 동수로120번길 11,37.48468006,126.732448,60,0,0,0,44,44
노틀담유치원,사립(법인),인천광역시 계양구 계양산로35번길 12-37,37.5452484,126.7174622,120,0,0,0,57,57
동심유치원,사립(사인),인천광역시 부평구 원적로416번길 38,37.50225952,126.7122607,252,31,57,52,0,140
드림유치원,사립(사인),인천광역시 부평구 충선로 158,37.50324803,126.7366212,283,70,89,101,0,260
마리아유치원,사립(법인),인천광역시 계양구 임학서로42번길 17,37.54679452,126.7338668,150,0,0,0,85,85
무지개유치원,사립(사인),인천광역시 부평구 안남로41번길 3,37.48709369,126.7141859,201,54,72,75,0,201
미래유치원,사립(사인),인천광역시 계양구 주부토로363번길 27,37.52575051,126.7282651,170,23,38,26,0,87
밀알유치원,사립(사인),인천광역시 계양구 임학서로45번길 5,37.54691613,126.7313595,220,29,49,56,0,134
보나유치원,사립(사인),인천광역시 계양구 효서로 393,37.52968564,126.7403402,276,62,38,54,0,154
보람유치원,사립(사인),인천광역시 계양구 장제로928번길 23,37.54795196,126.7439535,164,44,41,49,0,134
산곡유치원,사립(사인),인천광역시 부평구 마장로 121,37.48946598,126.7056873,212,51,57,75,0,183
산들유치원,사립(사인),인천광역시 계양구 역골로119번길 17,37.56918927,126.7260751,170,52,53,56,0,161
삼산유치원,공립(단설),인천광역시 부평구 충선로311번길 25-14,37.51628195,126.7335304,65,8,30,14,0,52
상아유치원,사립(사인),인천광역시 계양구 장제로 878,37.54436534,126.7408336,167,28,33,12,0,73
새빛솔금유치원,사립(사인),인천광역시 부평구 주부토로 146,37.50828169,126.726076,170,17,42,45,0,104
서해유치원,사립(사인),인천광역시 계양구 계산로 152,37.53695921,126.7290353,129,18,18,19,0,55
성심유치원,사립(법인),인천광역시 부평구 부흥로 323,37.49861995,126.7281082,150,0,0,0,43,43
성아유치원,사립(법인),인천광역시 부평구 마장로 48,37.48312812,126.708973,100,0,0,12,13,25
숲속유치원,사립(사인),인천광역시 부평구 산청로17번길 77-1,37.5102261,126.6968116,177,21,33,52,0,106
아란유치원,사립(사인),인천광역시 부평구 안남로 91,37.49181183,126.7092632,154,39,58,50,0,147
엄지유치원,사립(사인),인천광역시 부평구 부일로 111,37.48885067,126.7422329,83,10,10,15,0,35
에코프라임유치원,사립(사인),인천광역시 부평구 갈월동로 45,37.51158608,126.7267738,93,4,8,12,0,24
연세유치원,사립(사인),인천광역시 부평구 세월천로 16,37.51483705,126.7094806,228,33,42,46,0,121
열림유치원,사립(사인),인천광역시 부평구 일신로14번길 23,37.48217716,126.7440146,136,30,40,39,0,109
열우물유치원,사립(사인),인천광역시 부평구 아트센터로 118,37.47534723,126.7043404,107,0,1,10,0,11
영광유치원,사립(사인),인천광역시 계양구 안남로 596,37.53597401,126.7114223,260,29,81,90,0,200
예그랑유치원,사립(사인),인천광역시 계양구 안남로554번길 25,37.53253469,126.7134788,96,15,15,45,0,75
예림유치원,사립(사인),인천광역시 계양구 아나지로197번길 4,37.52572289,126.7148233,86,17,26,36,0,79
예소담유치원,사립(사인),인천광역시 계양구 양지말2길 7,37.56200195,126.7555736,154,32,31,37,0,100
예원유치원,사립(사인),인천광역시 부평구 충선로 262,37.51264421,126.7357684,299,65,88,106,0,259
은현유치원,사립(사인),인천광역시 부평구 길주남로125번길 12,37.50455095,126.7358947,128,20,14,16,0,50
이든유치원,사립(사인),인천광역시 부평구 부개로 58,37.50079445,126.740217,160,38,50,72,0,160
이바유치원,사립(사인),인천광역시 부평구 마장로168번길 17,37.49367727,126.7052186,96,0,48,48,0,96
이화유치원,사립(사인),인천광역시 부평구 원적로 361,37.5043501,126.7073307,125,29,49,47,0,125
인천갈월초등학교병설유치원,공립(병설),인천광역시 부평구 주부토로 165,37.51018325,126.7252099,15,0,0,0,5,5
인천계양초등학교병설유치원,공립(병설),인천광역시 계양구 장제로 1288,37.579034,126.7332478,48,9,5,4,0,18
인천굴포초등학교병설유치원,공립(병설),인천광역시 부평구 충선로234번길 19,37.51102655,126.7369234,52,10,10,16,0,36
인천귤현초등학교병설유치원,공립(병설),인천광역시 계양구 귤현길 15,37.56849385,126.748676,30,0,0,0,13,13
인천금마초등학교병설유치원,공립(병설),인천광역시 부평구 일신로 88,37.47848516,126.7492925,15,0,0,0,2,2
인천길주초등학교병설유치원,공립(병설),인천광역시 계양구 용종로 90,37.54202089,126.7427888,36,0,16,9,0,25
인천당산초등학교병설유치원,공립(병설),인천광역시 계양구 동양로 122,37.5586973,126.7595317,48,5,5,7,0,17
인천동암초등학교병설유치원,공립(병설),인천광역시 부평구 동암남로35번길 4,37.471897,126.7071751,15,0,0,0,3,3
인천마곡초등학교병설유치원,공립(병설),인천광역시 부평구 마곡로27번길 16,37.51206357,126.6978366,30,0,0,0,8,8
인천명현초등학교병설유치원,공립(병설),인천광역시 계양구 봉오대로569번길 10,37.53196289,126.7126133,36,0,6,8,0,14
인천미산초등학교병설유치원,공립(병설),인천광역시 부평구 원적로 391,37.50454062,126.7098014,15,0,0,0,3,3
인천백운초등학교병설유치원,공립(병설),인천광역시 부평구 아트센터로 130,37.48004768,126.7048637,36,0,3,15,0,18
인천부개서초등학교병설유치원,공립(병설),인천광역시 부평구 부일로 39,37.48990126,126.7351814,15,0,0,0,10,10
인천부개초등학교병설유치원,공립(병설),인천광역시 부평구 마분로 9,37.48566159,126.7382914,15,0,0,0,11,11
인천부광초등학교병설유치원,공립(병설),인천광역시 부평구 충선로 104,37.49907592,126.7366908,15,0,0,0,5,5
인천부마초등학교병설유치원,공립(병설),인천광역시 부평구 안남로253번길 41,37.50634867,126.7058973,48,11,14,12,0,37
인천부원초등학교병설유치원,공립(병설),인천광역시 부평구 원적로472번길 29,37.5025373,126.7194822,52,4,7,11,0,22
인천부일초등학교병설유치원,공립(병설),인천광역시 부평구 부흥북로 175,37.50120256,126.741505,48,12,10,5,0,27
인천부평남초등학교병설유치원,공립(병설),인천광역시 부평구 경인로911번길 28,37.48859452,126.7203223,34,0,0,5,9,14
인천부평동초등학교병설유치원,공립(병설),인천광역시 부평구 부평대로88번길 19,37.4999443,126.723886,36,0,10,5,0,15
인천부평북초등학교병설유치원,공립(병설),인천광역시 부평구 주부토로 292,37.52062561,126.7296659,15,0,0,0,3,3
인천부평서초등학교병설유치원,공립(병설),인천광역시 부평구 부평문화로53번길 19,37.49457242,126.7213037,15,0,0,0,15,15
인천부현초등학교병설유치원,공립(병설),인천광역시 계양구 장제로755번길 30,37.53566968,126.7317954,15,0,0,0,6,6
인천산곡초등학교병설유치원,공립(병설),인천광역시 부평구 길주로354번길 39,37.50765314,126.7019193,36,0,6,6,0,12
인천상정초등학교병설유치원,공립(병설),인천광역시 부평구 상정로 50,37.47968383,126.6990359,15,0,0,0,10,10
인천서운초등학교병설유치원,공립(병설),인천광역시 계양구 서운로 12,37.52697637,126.7447213,34,0,0,9,3,12
인천성지초등학교병설유치원,공립(병설),인천광역시 계양구 아나지로247번길 8,37.52649073,126.720066,19,0,0,0,5,5
인천소양초등학교병설유치원,공립(병설),인천광역시 계양구 박촌로 53,0.0,37.55599778,0,0,0,4,2,6
인천안남초등학교병설유치원,공립(병설),인천광역시 계양구 경명대로1114번길 26,37.5402453,126.7320485,48,3,4,5,0,12
인천안산초등학교병설유치원,공립(병설),인천광역시 계양구 임학서로 15,37.54409319,126.7317526,34,0,0,5,3,8
인천양촌초등학교병설유치원,공립(병설),인천광역시 계양구 장제로 954,37.5506866,126.7443731,34,0,0,3,2,5
인천영선초등학교병설유치원,공립(병설),인천광역시 부평구 충선로 293,37.51537295,126.734435,36,0,5,13,0,18
인천용마초등학교병설유치원,공립(병설),인천광역시 부평구 세월천로30번길 58,37.51578599,126.7071447,36,0,8,10,0,18
인천청천초등학교병설유치원,공립(병설),인천광역시 부평구 산청로127번길 10,37.52047046,126.7003899,64,24,16,14,0,54
인천해서초등학교병설유치원,공립(병설),인천광역시 계양구 계산로 42-1,37.54015839,126.7177107,15,0,0,0,6,6
인천화전유치원,공립(단설),인천광역시 계양구 효서로 314,37.52767437,126.7310888,96,18,20,20,0,58
인천후정초등학교병설유치원,공립(병설),인천광역시 부평구 영성서로 56,37.52315643,126.7435864,52,8,14,12,0,34
자연유치원,사립(사인),인천광역시 계양구 봉오대로477번길 18,37.53007038,126.7012504,181,15,20,43,0,78
정민유치원,사립(사인),인천광역시 부평구 부흥로111번길 51,37.50042332,126.7040354,172,44,47,66,0,157
정원유치원,사립(사인),인천광역시 계양구 봉오대로743번길 20,37.53214482,126.7321669,200,21,31,36,0,88
청담유치원,사립(사인),인천광역시 부평구 동수천로 70,37.49159718,126.7363703,252,10,15,42,0,67
청송유치원,사립(사인),인천광역시 부평구 부평문화로 37,37.49194776,126.7183113,90,3,3,14,0,20
청원유치원,사립(법인),인천광역시 부평구 화랑로47번길 61,37.48990826,126.7019017,300,34,27,49,0,110
프렌즈유치원,사립(사인),인천광역시 부평구 주부토로 201,37.512578,126.723287,96,35,36,25,0,96
한빛유치원,사립(사인),인천광역시 부평구 부흥로123번길 36,0.0,37.499461,0,0,12,28,21,61
해마루유치원,사립(사인),인천광역시 부평구 일신로 120,37.47681444,126.750489,170,22,37,43,0,102
해승유치원,사립(사인),인천광역시 계양구 도두리로 54,37.5335359,126.7402976,128,23,47,53,0,123
햇살유치원,사립(사인),인천광역시 부평구 안남로 260,37.50585156,126.7097254,121,39,39,43,0,121
현대유치원,사립(사인),인천광역시 부평구 갈월동로 66,37.51296019,126.7293275,200,34,29,49,0,112
홍익유치원,사립(사인),인천광역시 부평구 길주로494번길 12,37.50737764,126.7155553,99,23,22,18,0,63
경서유치원,사립(사인),인천광역시 서구 경서로56번길 7-2,37.55738998,126.6547855,189,69,70,50,0,189
꼬마정원유치원,사립(사인),인천광역시 서구 봉화로15번길 11-7,37.59421911,126.6356066,300,53,49,79,0,181
꿈드림유치원,사립(사인),인천광역시 서구 장고개로280번길 7-1,37.4882261,126.6836615,80,14,22,27,0,63
다은유치원,사립(사인),인천광역시 서구 청중로478번길 9,37.52918749,126.6648313,266,86,77,103,0,266
드림유치원,사립(사인),인천광역시 서구 청라커낼로223번길 13,37.52831495,126.6430599,370,117,126,127,0,370
리라유치원,사립(사인),인천광역시 서구 원당대로839번안길 6,37.59513154,126.6943762,140,29,58,53,0,140
명문유치원,사립(사인),인천광역시 서구 고산로 16,37.59434012,126.7019296,100,22,25,52,0,99
무지개유치원,사립(사인),인천광역시 서구 검단로487번길 52-1,37.60665329,126.660761,293,22,42,45,0,109
바다유치원,사립(사인),인천광역시 서구 염곡로311번길 7,37.51235929,126.66761,82,17,18,29,0,64
뿌리유치원,사립(사인),인천광역시 서구 강남로 1,37.51004879,126.6716602,150,3,12,19,0,34
사랑샘유치원,사립(사인),인천광역시 서구 원당대로820번2길 5,37.59145809,126.6916612,620,100,180,168,0,448
산새소리유치원,사립(사인),인천광역시 서구 서달로 198,37.51658112,126.6803625,261,75,87,94,0,256
산울림유치원,사립(사인),인천광역시 서구 봉수대로 1548-15,37.61184662,126.6445538,70,0,0,0,37,37
새한신유치원,사립(사인),인천광역시 서구 여우재로 129,37.48954072,126.6860792,170,60,55,55,0,170
세라유치원,사립(사인),인천광역시 서구 경서로 80,37.55955936,126.653825,247,82,69,96,0,247
아림유치원,사립(사인),인천광역시 서구 장고개로 375-11,37.49556258,126.690799,224,69,72,58,0,199
아이사랑유치원,사립(사인),인천광역시 서구 도요지로201번길 12,37.55789385,126.6727314,249,72,90,85,0,247
엔젤유치원,사립(사인),인천광역시 서구 청라커낼로 163,37.52756682,126.6373104,122,46,44,27,0,117
연희유치원,사립(사인),인천광역시 서구 탁옥로85번길 6,37.54432059,126.6793083,167,24,36,69,0,129
예빛유치원,사립(사인),인천광역시 서구 경서로32번길 18,37.55553112,126.6562528,182,48,68,47,0,163
예인유치원,사립(사인),인천광역시 서구 원당대로819번길 3,37.59438769,126.6920968,311,60,88,125,0,273
예일유치원,사립(사인),인천광역시 서구 장고개로337번길 12,37.49308503,126.6858499,187,58,52,56,0,166
예지유치원,사립(사인),인천광역시 서구 검단로 836,37.61691508,126.6917781,178,57,46,75,0,178
은하유치원,사립(사인),인천광역시 서구 완정로10번길 20,37.59583354,126.6740157,224,52,55,81,0,188
인천가림초등학교병설유치원,공립(병설),인천광역시 서구 장고개로293번길 29,37.49058307,126.6810497,34,0,0,10,7,17
인천가석초등학교병설유치원,공립(병설),인천광역시 서구 서달로 174,37.51475728,126.6796755,38,0,0,10,5,15
인천가원초등학교병설유치원,공립(병설),인천광역시 서구 청중로478번길 6,37.52921835,126.6641201,88,12,33,38,0,83
인천가정초등학교병설유치원,공립(병설),인천광역시 서구 장고개로 336-1,37.49166426,126.6884331,36,0,12,9,0,21
인천가현초등학교병설유치원,공립(병설),인천광역시 서구 염곡로 417,37.52237749,126.668351,48,12,17,19,0,48
인천간재울초등학교병설유치원,공립(병설),인천광역시 서구 승학로 433,37.56002883,126.6723052,36,0,2,5,0,7
인천건지초등학교병설유치원,공립(병설),인천광역시 서구 건지로318번길 39,37.49530976,126.6779423,60,2,8,6,0,16
인천검단꿈유치원,공립(단설),인천광역시 서구 이음1로 350,37.59195531,126.7189451,240,56,81,91,0,228
인천검단나래유치원,공립(단설),인천광역시 서구 고산후로310번길 16,37.61075392,126.6991162,240,56,81,91,0,228
인천검단초등학교병설유치원,공립(병설),인천광역시 서구 마전로115번길 24,37.61078278,126.6696256,48,12,13,19,0,44
인천검암유치원,공립(단설),인천광역시 서구 승학로599번길 45,37.56785518,126.6785109,79,24,13,30,0,67
인천경명초등학교병설유치원,공립(병설),인천광역시 서구 크리스탈로 130,37.53699997,126.6373308,65,12,24,19,0,55
인천경서초등학교병설유치원,공립(병설),인천광역시 서구 경서로31번길 31,37.55664075,126.6509849,67,12,13,16,0,41
인천경연초등학교병설유치원,공립(병설),인천광역시 서구 차오름로 64,37.53849651,126.6262363,48,12,17,18,0,47
인천공촌초등학교병설유치원,공립(병설),인천광역시 서구 심곡로188번길 21,37.54890626,126.6839434,34,0,0,7,4,11
인천금곡초등학교병설유치원,공립(병설),인천광역시 서구 완정로228번길 19,37.60564087,126.6509005,52,4,11,11,0,26
인천능내초등학교병설유치원,공립(병설),인천광역시 서구 검단로540번길 23,37.60289492,126.6658687,19,0,0,7,0,7
인천단봉초등학교병설유치원,공립(병설),인천광역시 서구 단봉로 122,37.59831924,126.6384415,79,18,16,25,0,59
인천당하초등학교병설유치원,공립(병설),인천광역시 서구 청마로 144,37.59022988,126.6780023,19,0,0,7,0,7
인천도담초등학교병설유치원,공립(병설),인천광역시 서구 청라커낼로 217,37.52786383,126.6439917,79,18,17,27,0,62
인천마전초등학교병설유치원,공립(병설),인천광역시 서구 완정로34번길 23,37.59768793,126.6704679,15,0,0,0,5,5
인천목향초등학교병설유치원,공립(병설),인천광역시 서구 고산후로 377,37.61642408,126.6944461,36,0,13,12,0,25
인천발산초등학교병설유치원,공립(병설),인천광역시 서구 고산후로78번길 6,37.59017039,126.6987106,48,12,13,19,0,44
인천백석초등학교병설유치원,공립(병설),인천광역시 서구 청마로 55,37.589804,126.6717497,48,10,17,19,0,46
인천봉수초등학교병설유치원,공립(병설),인천광역시 서구 봉오대로267번길 11-4,37.52600899,126.6781382,48,12,17,19,0,48
인천봉화초등학교병설유치원,공립(병설),인천광역시 서구 건지로250번길 43,37.49567311,126.6703504,36,0,4,9,0,13
인천불로초등학교병설유치원,공립(병설),인천광역시 서구 검단로744번1길 50,37.61393978,126.6894096,36,0,13,19,0,32
인천서곶초등학교병설유치원,공립(병설),인천광역시 서구 대평로56번길 9,37.54784271,126.6694055,34,0,0,6,9,15
인천서로꿈유치원,공립(단설),인천광역시 서구 당곡로24번안길 22,37.60229215,126.7146549,240,56,81,91,0,228
인천서현유치원,공립(단설),인천광역시 서구 새오개로111번안길 7,37.52145256,126.6644083,144,32,47,53,0,132
인천석남초등학교병설유치원,공립(병설),인천광역시 서구 서달로130번길 4,37.51039045,126.6803242,15,0,0,0,8,8
인천신석초등학교병설유치원,공립(병설),인천광역시 서구 새오개로 9,37.51121084,126.664398,16,0,0,0,4,4
인천신현북초등학교병설유치원,공립(병설),인천광역시 서구 원창로 147,37.51875553,126.6662524,15,0,0,0,6,6
인천아라꿈유치원,공립(단설),인천광역시 서구 서로2로 28,37.58429148,126.7028614,338,82,115,129,0,326
인천아라초등학교병설유치원,공립(병설),인천광역시 서구 서로2로 42,37.58508291,126.7035431,71,12,17,35,0,64
인천아람초등학교병설유치원,공립(병설),인천광역시 서구 이음1로 289,37.58723924,126.7164112,67,12,15,36,0,63
인천양지초등학교병설유치원,공립(병설),인천광역시 서구 승학로197번길 11,37.54002493,126.6711942,34,0,0,11,6,17
인천완정초등학교병설유치원,공립(병설),인천광역시 서구 완정로 99,37.59849819,126.6643304,48,4,13,5,0,22
인천왕길초등학교병설유치원,공립(병설),인천광역시 서구 봉수대로1440번길 20,37.60197813,126.651059,53,7,8,14,0,29
인천원당초등학교병설유치원,공립(병설),인천광역시 서구 원당대로820번길 16,37.59258543,126.6912342,48,12,6,7,0,25
인천은지초등학교병설유치원,공립(병설),인천광역시 서구 승학로572번길 22,37.56470036,126.6849903,48,4,13,11,0,28
인천이음초등학교병설유치원,공립(병설),인천광역시 서구 이음1로 447,37.59878792,126.7121218,96,24,33,35,0,92
인천창신초등학교병설유치원,공립(병설),인천광역시 서구 고산후로161번길 6,37.59892253,126.6982138,48,9,11,18,0,38
인천청라초등학교병설유치원,공립(병설),인천광역시 서구 청라에메랄드로 139,37.53774832,126.6556962,67,12,17,36,0,65
인천청람초등학교병설유치원,공립(병설),인천광역시 서구 청라커낼로 336,37.53869664,126.6453131,67,10,15,14,0,39
인천청일초등학교병설유치원,공립(병설),인천광역시 서구 크리스탈로 46,37.52925864,126.6373634,67,11,14,19,0,44
인천초은초등학교병설유치원,공립(병설),인천광역시 서구 청라에메랄드로 33,37.52842328,126.6558481,60,23,17,19,0,59
인천푸른빛유치원,공립(단설),인천광역시 서구 청라한내로 145,37.53819812,126.6279825,144,32,47,53,0,132
인천한들초등학교병설유치원,공립(병설),인천광역시 서구 한중로 25,37.57958495,126.6728024,96,24,33,35,0,92
인천한별초등학교병설유치원,공립(병설),인천광역시 서구 서로3로 201,37.59761635,126.7066281,67,11,17,35,0,63
인천해든초등학교병설유치원,공립(병설),인천광역시 서구 서로3로 60,37.58541807,126.7076937,67,12,16,35,0,63
인천해원초등학교병설유치원,공립(병설),인천광역시 서구 청라사파이어로140번길 6,37.52660162,126.62634,71,12,15,28,0,55
일영유치원,사립(사인),인천광역시 서구 고산로45번길 4,37.5970951,126.7002753,196,50,78,54,0,182
재은유치원,사립(사인),인천광역시 서구 완정로34번길 20,37.59741384,126.6719051,123,48,37,27,0,112
청라새싹유치원,사립(사인),인천광역시 서구 용두산로26번길 14-5,37.54646678,126.6704245,350,113,108,127,0,348
청라유치원,공립(단설),인천광역시 서구 솔빛로 68,37.52491368,126.6285764,144,32,47,51,0,130
큰사랑유치원,사립(사인),인천광역시 서구 완정로64번길 7,37.59832408,126.6676246,224,73,52,82,0,207
프라임청라유치원,사립(사인),인천광역시 서구 청라한울로59번길 5,37.5393445,126.6429231,337,76,86,103,0,265
한샘유치원,사립(사인),인천광역시 서구 율도로15번길 26-9,37.5163642,126.6649651,172,33,50,58,0,141
한울유치원,사립(사인),인천광역시 서구 서곶로 818,37.58893023,126.6756855,210,45,54,55,0,154
해나라유치원,사립(사인),인천광역시 서구 고산후로161번안길 35,37.60119643,126.6977944,310,108,99,102,0,309
희망찬유치원,사립(사인),인천광역시 서구 단봉로139번길 3-2,37.596843,126.6366085,230,56,69,45,0,170
