구명,구역명,위치,면적,사업유형,진행단계,출처,위도,경도
중구,경동율목,경동 40번지 및 율목동 10번지 일원,34218.0,재개발,조합설립인가,도시정비,37.4719559025256,126.634204051458
중구,송월,송월동1가 12-16번지 일원(당초 : 송월동 11번지 일원),27338.0,재개발,조합설립인가,도시정비,37.4794468257065,126.623721204404
중구,송월아파트,송월동1가 10-1번지 일원,33683.0,재개발,조합설립인가,도시정비,37.4802435315887,126.622208434381
중구,경동,경동 96-1번지 일원,41970.0,재개발,조합설립인가,도시정비,37.4726581925262,126.634248109011
중구,인천여상주변,사동 23-4번지 일원,20481.0,재개발,관리처분계획인가,도시정비,37.4688877698215,126.626618954529
중구,전동웃터골,중구 전동 32-1번지 일원,29933.0,주거환경개선(현지개량),착공,도시정비,37.4759577255478,126.626060914855
중구,광성고주변(도원),도원동 18-1번지 일원,111070.0,정비구역지정(후보지 1차),정비구역지정(후보지 1차),도시정비,37.4691708372013,126.640468085662
중구,율목동,율목동 162-1 번지 일원,56468.0,정비구역지정(후보지 2차),정비구역지정(후보지 2차),도시정비,37.4702262834872,126.634304837109
동구,대헌학교뒤,송림동 37-10번지 일원,39943.9,주거환경개선(전면개량),착공,도시정비,,
동구,송림4,"송림동 2, 4번지 일원",23915.0,주거환경개선(전면개량),사업시행계획인가,도시정비,,
동구,금송,송림동 80-34 및 창영동 116-1번지 일원,162623.3,재개발,관리처분계획인가,도시정비,37.4720258125623,126.645193562715
동구,서림,송림동 64-55번지 일원,19477.1,재개발,사업시행계획인가,도시정비,37.4746149665539,126.6475498505
동구,"송림1,2동",송림동 160번지 일원,153784.9,재개발,관리처분계획인가,도시정비,,
동구,송림3,송림6동 42-215번지 일원,54893.5,재개발,착공,도시정비,37.4783023067446,126.648873381763
동구,"송현1,2차A",송현동 1번지 일원,50679.6,재건축,조합설립인가,도시정비,,
동구,화수화평,화평동 1-1번지 일원,180998.0,재개발,조합설립인가,도시정비,37.4805771607127,126.632981345702
동구,송림6,송림동 31-3번지 일원,10146.1,재개발,관리처분계획인가,도시정비,37.4781420469347,126.650554710834
동구,만석동 주꾸미 마을,제물량로 341 일원,62123.0,주거환경개선(현지개량),착공,도시정비,37.4812944799518,126.620498864965
동구,송희마을,송림동 4-237번지 일원,12583.0,주거환경개선(현지개량),착공,도시정비,37.4784130521795,126.652810622606
동구,송미로,송미로23번길 일원,2785.0,주거환경개선(현지개량),착공,도시정비,37.4824698060646,126.648264937007
동구,쇠뿔고개,창영동 21-15번지 일원,35072.5,주거환경개선(현지개량),착공,도시정비,37.470779037358,126.639106669263
동구,화수아파트일원,화수동 287-10번지 일원,15108.0,정비구역지정(후보지 1차),정비구역지정(후보지 1차),도시정비,37.4787510192791,126.629148148849
미추홀구,도화1,도화동 372-18번지 일원,81788.8,재개발,관리처분계획인가,도시정비,37.4612072280849,126.675206399906
미추홀구,도화4,도화동 53-28번지 일원,35981.3,재개발,관리처분계획인가,도시정비,37.4748885740235,126.668523528383
미추홀구,숭의3,숭의동 18번지 일원,32886.9,재개발,착공,도시정비,,
미추홀구,숭의5,숭의2동 장천로 48번길 일원(KT 전화국),33832.9,재개발,조합설립인가,도시정비,37.4603142839325,126.649794038691
미추홀구,전도관,숭의동 109-119번지 일원,69223.7,재개발,관리처분계획인가,도시정비,37.4689533865313,126.644985165302
미추홀구,주안10,주안동 1545-2번지 일원,50011.3,재개발,착공,도시정비,37.4567426294637,126.691753660242
미추홀구,주안4,주안동 1577번지 일원,90559.8,재개발,준공,도시정비,37.453907415699,126.692615769705
미추홀구,학익1,학익동 220번지 일원,71349.5,재개발,착공,도시정비,37.4407835855614,126.664051990406
미추홀구,학익3,학익동 321-35번지 일원,80970.6,재개발,관리처분계획인가,도시정비,37.4451119561179,126.661432924856
미추홀구,남광로얄A,주안동 1458번지 일원,29056.6,재건축,사업시행계획인가,도시정비,37.4502982713048,126.678571897549
미추홀구,여의,숭의동 34-4번지 일원,61210.8,재개발,착공,도시정비,37.4629543283774,126.654262137864
미추홀구,용현4,용현동 155번지 일원,47951.0,재개발,조합설립인가,도시정비,,
미추홀구,학익4,학익2동 290-1번지 일원,20667.0,재개발,착공,도시정비,37.4452810744085,126.667206240046
미추홀구,용마루,용현동 528번지 일원,223175.2,주거환경개선(전면개량),착공,도시정비,,
미추홀구,우진A,주안동 1344-1번지 일원,15402.8,재건축,준공,도시정비,,
미추홀구,용현5,수봉로 130 일원,46614.0,주거환경개선(현지개량),착공,도시정비,,
미추홀구,용일사거리남동측,한나루로 490번길 일원,49182.0,주거환경개선(현지개량),착공,도시정비,37.4504122121955,126.670089788753
미추홀구,누나동네,도화동 886 일원,110805.8,주거환경개선(현지개량),준공,도시정비,37.4778036349067,126.656084028211
미추홀구,베말마을,석정로 301번길 일원,46796.5,주거환경개선(현지개량),착공,도시정비,37.4697136604966,126.670623893827
미추홀구,메아리마을,소성로 314 일원(문학동 368-9),49927.5,주거환경개선(현지개량),사업시행계획인가,도시정비,37.4375510230084,126.681997181125
미추홀구,도화역남측,도화동 557-1번지 일원,28874.0,정비구역지정(후보지 1차),정비구역지정(후보지 1차),도시정비,37.46497222064,126.672381499077
미추홀구,주안남초1,주안동 1520-37번지 일원,38667.0,정비구역지정(후보지 1차),정비구역지정(후보지 1차),도시정비,37.4490496261471,126.686071093746
미추홀구,기계공고남측,주안동 690-18번지 일원,117423.0,정비구역지정(후보지 2차),정비구역지정(후보지 2차),도시정비,37.4543316386013,126.666666593302
미추홀구,도화역북측,도화동 127-1번지 일원,114831.0,정비구역지정(후보지 2차),정비구역지정(후보지 2차),도시정비,37.4675308331777,126.671902234209
미추홀구,주안5동,주안동 20-15번지 일원,33315.0,정비구역지정(후보지 2차),정비구역지정(후보지 2차),도시정비,37.4652798562284,126.688348871269
미추홀구,주안8동,주안동 1490-3 번지 일원,95650.0,정비구역지정(후보지 2차),정비구역지정(후보지 2차),도시정비,37.449010512715,126.682358122852
미추홀구,주안북초북측,주안동 9-3번지 일원,71513.0,정비구역지정(후보지 2차),정비구역지정(후보지 2차),도시정비,37.4688900176869,126.675464133641
미추홀구,학익5,학익동 2-28 번지 일원,195020.0,정비구역지정(후보지 2차),정비구역지정(후보지 2차),도시정비,37.4467307695969,126.666843614626
연수구,송도영남A,청학동 96-4번지 일원,26984.1,재건축,관리처분계획인가,도시정비,37.4266706127712,126.661410238135
연수구,옥련대진빌라주변,옥련동 271-17번지 일원,8548.0,재개발,착공,도시정비,37.4274340999713,126.654086157635
연수구,비류마을,비류대로 347번길 5번지 일원,24691.9,주거환경개선(현지개량),사업시행계획인가,도시정비,37.4252998888947,126.673121923498
남동구,간석성락A,간석1동 514번지 일원,20682.9,재개발,착공,도시정비,37.4596355950599,126.699415961161
남동구,간석초교주변(다복),구월동 70-16번지 일원,55707.9,재개발,준공,도시정비,,
남동구,백운주택1,간석동 900번지 일원,32366.5,재개발,착공,도시정비,37.459486733871,126.695538673563
남동구,상인천초교주변,간석동 311-1번지 일원,137852.1,재개발,관리처분계획인가,도시정비,37.4639103256713,126.707088270144
남동구,간석3동,간석동 37번지 일원,50312.9,주거환경개선(현지개량),준공,도시정비,,
남동구,남촌동,남촌로 93번길 일원,44925.0,주거환경개선(현지개량),착공,도시정비,37.4278428132166,126.714254435323
남동구,구월349,구월4동 349 일원,80831.0,정비구역지정(후보지 1차),정비구역지정(후보지 1차),도시정비,,
남동구,만수2,만수5동 944-3 일원,58390.0,정비구역지정(후보지 1차),정비구역지정(후보지 1차),도시정비,37.4535459629531,126.728733910689
남동구,간석동37,간석동 37번지 일원,51142.0,정비구역지정(후보지 2차),정비구역지정(후보지 2차),도시정비,,
남동구,구월3동,구월동 1160번지 일원,57394.0,정비구역지정(후보지 2차),정비구역지정(후보지 2차),도시정비,37.4469509665031,126.705271554764
남동구,구월4동,구월동 1300-8번지 일원,220200.0,정비구역지정(후보지 2차),정비구역지정(후보지 2차),도시정비,37.4505189015003,126.722858807987
남동구,구월초,구월동 1202번지 일원,127179.0,정비구역지정(후보지 2차),정비구역지정(후보지 2차),도시정비,37.4522152490904,126.710499534976
남동구,동부초,만수동 111-5번지 일원,116783.0,정비구역지정(후보지 2차),정비구역지정(후보지 2차),도시정비,37.4626861195603,126.727538122464
남동구,만수1,만수동 923번지 일원,81733.0,정비구역지정(후보지 2차),정비구역지정(후보지 2차),도시정비,37.4530592875791,126.726527398365
남동구,만수3,만수동 935-1번지 일원,61400.0,정비구역지정(후보지 2차),정비구역지정(후보지 2차),도시정비,37.4509384314869,126.727868927127
남동구,만수4,만수동 949번지 일원,65712.0,정비구역지정(후보지 2차),정비구역지정(후보지 2차),도시정비,37.4545998462081,126.730572571171
남동구,우신,간석동 191-4번지 일원,82058.0,정비구역지정(후보지 2차),정비구역지정(후보지 2차),도시정비,37.4616053001973,126.710278304212
부평구,갈산1,갈산동 112-39번지 일원,50415.9,재개발,관리처분계획인가,도시정비,37.5216505145823,126.72790608896
부평구,부평2,부평2동 760-700번지 일원,59954.0,재개발,착공,도시정비,37.4866346626907,126.715550645769
부평구,부평4,부평동 665-2번지 일원,80720.2,재개발,착공,도시정비,37.4837103970462,126.722730148058
부평구,산곡2-1,산곡동 87-909번지 일원,58457.1,재개발,착공,도시정비,,
부평구,산곡3,산곡동 180-190번지 일원,26195.0,재개발,조합설립인가,도시정비,37.5028642888126,126.697850223117
부평구,산곡5,산곡동 370-58번지 일원,88025.5,재개발,사업시행계획인가,도시정비,37.4909432923989,126.704258862457
부평구,십정3,십정동 432번지 일원,34552.0,재개발,관리처분계획인가,도시정비,37.4767954844162,126.702019395964
부평구,십정4,십정동 166-1번지 일원,45191.1,재개발,사업시행계획인가,도시정비,37.4806312067578,126.699371109941
부평구,십정5,십정동 460-22번지 일원,94474.0,재개발,관리처분계획인가,도시정비,37.4686841161218,126.696301148176
부평구,청천1,청천동 104번지 일원,74924.7,재개발,착공,도시정비,,
부평구,청천2,청천동 36-3번지 일원,219169.5,재개발,착공,도시정비,37.5200098676308,126.70213370794
부평구,부평아파트,부평5동 98-64번지 일원,11947.2,재건축,준공,도시정비,,
부평구,산곡,산곡동 87-903번지 일원,115976.4,재개발,관리처분계획인가,도시정비,37.5064955000976,126.702068432189
부평구,신촌,부평동 283-66번지 일원,97731.0,재개발,사업시행계획인가,도시정비,37.4876932598424,126.710287826978
부평구,부개4,부개동 13-5번지 일원,66688.8,재개발,관리처분계획인가,도시정비,37.5033418366101,126.735981434862
부평구,부개5,부개1동 381-15번지 일원,117300.0,재개발,조합설립인가,도시정비,37.483770539968,126.74039766221
부평구,산곡6,산곡동 10번지 일원,123549.7,재개발,관리처분계획인가,도시정비,,
부평구,산곡7,산곡동 225-2번지 일원,84118.0,재개발,조합설립인가,도시정비,37.4970142046,126.703734636316
부평구,산곡재원A,산곡1동 180-329번지 일원,11143.0,재건축,사업시행계획인가,도시정비,37.5033008506684,126.696805509214
부평구,삼산대보A,삼산동 191번지 일원,18513.0,재건축,관리처분계획인가,도시정비,37.5183325386178,126.736470684186
부평구,청천대진A,청천2동 236번지 일원,14512.1,재건축,조합설립인가,도시정비,37.5050496521803,126.715252449807
부평구,하하골마을,부평동 767-23 일원,45363.0,주거환경개선(현지개량),착공,도시정비,37.4861004173433,126.712926773218
부평구,동암중서측,십정동 499-1번지 일원,38942.0,정비구역지정(후보지 1차),정비구역지정(후보지 1차),도시정비,37.4733922608715,126.704590643734
부평구,동소정사거리북동측,부평동 614번지 일원,52490.0,정비구역지정(후보지 2차),정비구역지정(후보지 2차),도시정비,37.4887941279133,126.731105627005
부평구,동수초북측,부평동 623-1번지 일원,67599.0,정비구역지정(후보지 2차),정비구역지정(후보지 2차),도시정비,37.4864493295348,126.731175201692
부평구,부광초교서측,부개동 65-1번지 일원,80347.0,정비구역지정(후보지 2차),정비구역지정(후보지 2차),도시정비,37.4994344476624,126.735494776419
부평구,부평아울렛남측,청천동 16-8번지 일원,42385.0,정비구역지정(후보지 2차),정비구역지정(후보지 2차),도시정비,37.5179655770205,126.7033462967
부평구,부흥초동측,부평동 156-1번지 일원,118943.0,정비구역지정(후보지 2차),정비구역지정(후보지 2차),도시정비,37.4972667914062,126.733321235094
부평구,신트리공원남측,부평동 886-19번지 일원,31104.0,정비구역지정(후보지 2차),정비구역지정(후보지 2차),도시정비,37.5052095061801,126.723681763061
부평구,십정초주변,십정동 355-1번지 일원,205088.0,정비구역지정(후보지 2차),정비구역지정(후보지 2차),도시정비,37.4723608251834,126.695518679791
부평구,하정초동측(십정6),십정동 397번지 일원,80723.0,정비구역지정(후보지 2차),정비구역지정(후보지 2차),도시정비,37.4740923013765,126.700174070558
계양구,계양1,작전동 765번지 일원,122432.5,재개발,착공,도시정비,,
계양구,작전현대A,작전동 439-7번지 일원,64004.9,재개발,착공,도시정비,37.5282157509364,126.719818996408
계양구,작전우영A,작전동 869-17번지 일원,11007.5,재건축,사업시행계획인가,도시정비,37.5289745708005,126.725768198703
계양구,효성뉴서울A,효성동 99-11번지,17713.0,재건축,조합설립인가,도시정비,37.5365357261345,126.709590278542
계양구,효성새사미A,효성동 623-16번지,15034.0,재건축,조합설립인가,도시정비,37.5277035272939,126.697958110514
계양구,작전구역,작전동 646번지 일원,43930.0,주거환경개선(현지개량),착공,도시정비,37.5278363353824,126.73432034073
계양구,계산역남측,계산동 951-6번지 일원,27597.0,정비구역지정(후보지 1차),정비구역지정(후보지 1차),도시정비,37.5420734258931,126.726802987729
계양구,효성,효성동 273-1번지 일원,23316.0,정비구역지정(후보지 1차),정비구역지정(후보지 1차),도시정비,37.5266581799804,126.711099710137
계양구,계산역북측,계산동 925-19번지 일원,92146.0,정비구역지정(후보지 2차),정비구역지정(후보지 2차),도시정비,37.5454404710201,126.725529555997
계양구,임학역서측,임학동 47번지 일원,247803.0,정비구역지정(후보지 2차),정비구역지정(후보지 2차),도시정비,37.546381979747,126.732225588589
계양구,작전동870번지일원,작전동 870번지 일원,40069.0,정비구역지정(후보지 2차),정비구역지정(후보지 2차),도시정비,37.5297435023547,126.726475753097
서구,가좌라이프빌라,가좌동 344번지 일원,53855.0,재건축,준공,도시정비,37.4848634848337,126.685757355185
서구,가좌진주1차A,가좌동 30-2번지,21484.45,재건축,조합설립인가,도시정비,37.4936552405893,126.682766997356
서구,롯데우람A,석남동 491-3번지 일원,15244.0,재건축,착공,도시정비,37.5071723348509,126.677636366977
서구,가좌3구역,원적로 47번길 일원,228810.0,주거환경개선(현지개량),준공,도시정비,37.491384287294,126.677915005266
서구,신현원마을,새오개로 48번길 일원,55000.0,주거환경개선(현지개량),착공,도시정비,37.5142819108445,126.66658632026
서구,석남5,석남동 573-36번지 일원,53349.0,정비구역지정(후보지 1차),정비구역지정(후보지 1차),도시정비,,
서구,가정동497번지일원,가정동 497번지 일원,35710.0,정비구역지정(후보지 2차),정비구역지정(후보지 2차),도시정비,37.5204012895624,126.675176455127
서구,가정동520-25번지일원,가정동 520-25번지 일원,112658.0,정비구역지정(후보지 2차),정비구역지정(후보지 2차),도시정비,37.5153269915326,126.675158860336
서구,가좌동350-10번지일원,가좌동 350-10번지 일원,79493.0,정비구역지정(후보지 2차),정비구역지정(후보지 2차),도시정비,37.4873415605785,126.685637862676
서구,서부여성회관역가좌동일원,가좌동171번지 일원,139836.0,정비구역지정(후보지 2차),정비구역지정(후보지 2차),도시정비,37.4988579088678,126.676358489267
서구,석남역남측,석남동 551번지 일원,76383.0,정비구역지정(후보지 2차),정비구역지정(후보지 2차),도시정비,37.505999555148,126.676568334216
서구,신현동287-58번지일원,신현동 287-58번지 일원,79156.0,정비구역지정(후보지 2차),정비구역지정(후보지 2차),도시정비,37.5153457914999,126.67007664357
서구,가재울숲문화마을,가좌동 310번지 일원,76263.6,주거환경개선(현지개량),사업시행계획인가,도시정비,37.4885823956764,126.683165093596
강화군,온수리마을,길상면 온수리 502-3번지,97439.0,주거환경개선(현지개량),준공,도시정비,37.6407289007263,126.491167885018
중구,신흥삼익아파트 1단지 가로주택정비사업구역,인천광역시 중구 신흥동2가 54-5 1단지 일원,7347.9,가로주택,조합설립인가,소규모정비,37.4648213388406,126.632768780892
중구,신흥삼익아파트 2단지 가로주택정비사업구역,인천광역시 중구 신흥동2가 54-7 2단지 일원,6735.5,가로주택,조합설립인가,소규모정비,37.4642741480545,126.632417996244
동구,송현2동 72번지 일원,송현동 72-185번지 일원,4670.81,가로주택,조합설립인가,소규모정비,37.4771203041139,126.633106219207
동구,송림동67-10번지 일원,송림동 67-10번지 일원,4236.15,가로주택,조합설립인가,소규모정비,37.4739513910314,126.645146588589
미추홀구,인천 숭의2 LH참여형,숭의동 177번지 일원,3028.4,가로주택,착공,소규모정비,,
미추홀구,인천 용현1 LH참여형,용현동 568-2 진달래@,2958.3,가로주택,착공,소규모정비,37.4572425878142,126.641626057244
미추홀구,로얄맨션,주안동882-1,6192.9,소규모재건축,착공,소규모정비,37.4639192771237,126.690762273439
미추홀구,용현5동새한아파트,용현동627-80,5390.0,소규모재건축,착공,소규모정비,37.4512154061721,126.633728242814
미추홀구,주안 상일연립,주안동 85-6,925.0,가로주택,사업시행계획인가,소규모정비,37.4602862755383,126.683462653988
미추홀구,숭의동 289-1,숭의동 289-1번지 일원,7936.8,가로주택,사업시행계획인가,소규모정비,37.4594800924362,126.653141523952
미추홀구,용현3,용현동 146-275번지 일원,5912.0,가로주택,사업시행계획인가,소규모정비,37.4557503630116,126.655604215709
미추홀구,우남아파트,도화동 573-1,3636.64,소규모재건축,사업시행계획인가,소규모정비,37.4648056711437,126.66971186099
미추홀구,삼덕진주아파트,주안동 22-34번지 일원,4253.2,소규모재건축,사업시행계획인가,소규모정비,37.4659480719669,126.685502856051
미추홀구,삼영아파트,주안동 1574-2,7047.9,소규모재건축,사업시행계획인가,소규모정비,37.4477386950568,126.691112770134
미추홀구,용현 진달래,용현동 568-3 외 2필지,1851.8,가로주택,건축심의완료,소규모정비,,
미추홀구,학골,학익동 36-2번지 일원,8804.06,가로주택,건축심의완료,소규모정비,37.4422889104283,126.67113434101
미추홀구,동인아파트 가로주택정비사업,미추홀구 주안동 31-1번지 일원,5148.3,가로주택,건축심의완료,소규모정비,37.4653619562041,126.682198640586
미추홀구,주안동 32-2번지 일원,미추홀구 주안동 32-2번지,7392.13,가로주택,건축심의완료,소규모정비,37.4649651710405,126.685032446536
미추홀구,성락아파트,도화동 109-1번지,5197.5,소규모재건축,건축심의완료,소규모정비,37.4696143077262,126.667577359706
미추홀구,대진아파트,용현동 574-3번지 일원,5297.1,소규모재건축,건축심의완료,소규모정비,37.4571522517671,126.638413428313
미추홀구,대호아파트 주변,숭의동 170-12 일원,4212.0,가로주택,건축심의완료,소규모정비,37.4613953257337,126.645507273685
미추홀구,도화동 태화아파트,도화동 105-1번지,7736.4,소규모재건축,건축심의완료,소규모정비,37.4688920091533,126.667462994267
미추홀구,현대아파트,숭의동 129-96번지,7306.9,소규모재건축,건축심의완료,소규모정비,37.4655714494319,126.648811640933
미추홀구,부성로얄아파트,용현동 615-2 외 1필지,6643.2,가로주택,조합설립인가,소규모정비,,
미추홀구,용남아파트,미추홀구 용현동 68-20번지,1901.5,가로주택,조합설립인가,소규모정비,37.4513970898222,126.664864241328
미추홀구,도화3동 6-30 일원 가로주택정비사업,도화동 6-30번지 일원,5559.3,가로주택,조합설립인가,소규모정비,37.4762415512905,126.656452052659
미추홀구,석암 가로주택정비사업,미추홀구 주안동 991-11번지 일원,1412.2,가로주택,조합설립인가,소규모정비,37.4605686966146,126.688532091808
미추홀구,용현동 삼익아파트 가로주택정비사업,미추홀구 용현동 565-95 외 1필지,6173.9,가로주택,조합설립인가,소규모정비,,
미추홀구,성신아파트,용현동 627-85,6033.0,소규모재건축,조합설립인가,소규모정비,37.452583424353,126.630376590823
미추홀구,다복아파트,숭의동 129-83번지,3305.4,소규모재건축,조합설립인가,소규모정비,37.4652033452935,126.648979187498
미추홀구,주안미도아파트 소규모재건축정비사업,미추홀구 주안동 18-2번지,7716.3,소규모재건축,조합설립인가,소규모정비,37.4685909969359,126.68263815611
미추홀구,용현동 수정아파트,용현동 627-111 외 5필지,5666.4,소규모재건축,조합설립인가,소규모정비,,
미추홀구,"도화동89-23, 24","미추홀구 도화동 89-23,89-24",276.5,자율주택,주민합의체,소규모정비,,
미추홀구,"주안동 917-11, 917-39","미추홀구 주안동 917-11, 917-39",423.4,자율주택,주민합의체,소규모정비,,
남동구,인천만수1 LH참여형,만수동 1-90번지 일원,2133.0,가로주택,건축심의완료,소규모정비,37.4670056503407,126.738669958068
남동구,만수동 5-19,만수동 5-19,1948.0,소규모재건축,건축심의완료,소규모정비,37.4658265207642,126.73604423763
남동구,성신아파트,만수동 5-6,6360.0,소규모재건축,건축심의완료,소규모정비,37.4648010059069,126.735687483353
남동구,삼부아파트,만수동 5-305 외 3필지,9392.0,소규모재건축,건축심의완료,소규모정비,,
남동구,성신아파트3차,만수동 5-373번지,6880.0,소규모재건축,건축심의완료,소규모정비,37.4651491340759,126.735154645785
남동구,구월,구월동 6-11 외 7필지,4614.9,가로주택,조합설립인가,소규모정비,,
남동구,보흥빌라주변,간석동 551-1 일원,3750.8,가로주택,조합설립인가,소규모정비,37.461354947059,126.70000170027
남동구,대양빌라,논현동 111-226외18필지,6751.0,가로주택,조합설립인가,소규모정비,,
남동구,간석동 한국아파트,간석동 393-1 외 3필지,5014.7,가로주택,조합설립인가,소규모정비,,
남동구,은하아파트,간석동 292-1,2747.1,가로주택,조합설립인가,소규모정비,37.4574473380614,126.707613954397
남동구,간석신한아파트,간석동 32-5번지 일원,7913.0,가로주택,조합설립인가,소규모정비,37.4674570421423,126.714594545261
남동구,한국공영아파트B동,만수동 5-292번지 일원,1481.0,가로주택,조합설립인가,소규모정비,37.4636704033511,126.73551908565
남동구,미림,만수동 893-4번지 일원,1306.7,가로주택,조합설립인가,소규모정비,37.4582604181461,126.72717237669
부평구,갈산백조아파트,"갈산동 181-11,13",4453.2,소규모재건축,착공,소규모정비,37.5154132413602,126.721945422138
부평구,창휘연립,부평동 767-1,5281.9,소규모재건축,착공,소규모정비,37.4855335927124,126.7121112384
부평구,은하함벽빌라,"산곡동 250-1,250-4,251-75,247-1",4487.0,소규모재건축,사업시행계획인가,소규모정비,,
부평구,효성아파트,청천동 377번지 일원,4502.8,소규모재건축,사업시행계획인가,소규모정비,37.5224031583738,126.695093711026
부평구,십정동 국민주택,십정동 179-26번지 외 51,6787.0,가로주택,사업시행계획인가,소규모정비,37.4843499020825,126.71117202138
부평구,경인빌라 주변구역,십정동 571-21번지 일원,6353.1,가로주택,건축심의완료,소규모정비,37.481481894034,126.711202055594
부평구,명보궁전,산곡동 234-34번지 외 9,3757.0,가로주택,건축심의완료,소규모정비,37.4978203922805,126.705127044966
부평구,영진빌라,삼산동 74-10일원,1775.0,가로주택,건축심의완료,소규모정비,37.5197735281702,126.738302784494
부평구,부흥연립,부평동 12-53번지 일원,5549.0,가로주택,건축심의완료,소규모정비,37.5028775360943,126.729287587066
부평구,청천동 동양아파트,청천동 397번지 일원,6797.4,가로주택,건축심의완료,소규모정비,37.5199749215734,126.708166163538
부평구,갈산동 183-1번지 일원,"갈산동 183, 183-1, 183-4",9244.7,소규모재건축,건축심의완료,소규모정비,,
부평구,애향공원,십정동 570번지 외 23,3158.6,가로주택,조합설립인가,소규모정비,37.4821057073474,126.710816034342
부평구,삼산동 금성유성빌라,삼산동 76-7번지 일원,3505.6,가로주택,조합설립인가,소규모정비,37.5196880527347,126.740562409263
부평구,삼산동 257 일원,삼산동 257-22번지일원,7693.25,가로주택,조합설립인가,소규모정비,37.5184423518333,126.734892087749
부평구,부개동 155의5일원,부개동 155-5 외 13필지,3226.0,가로주택,조합설립인가,소규모정비,,
부평구,정광아파트,삼산동 205,7322.0,가로주택,조합설립인가,소규모정비,37.5191198186698,126.737313586833
부평구,삼산동260-17번지 일원,삼산동 260-17번지 일원,5757.0,가로주택,조합설립인가,소규모정비,37.5185382806824,126.733998121892
부평구,산곡동 370-100,산곡동 370-100 일원,5922.0,가로주택,조합설립인가,소규모정비,37.4888712478541,126.702033850679
부평구,부개동 223번지 일원,부개동 223번지 일원,6208.2,가로주택,조합설립인가,소규모정비,37.4886688932374,126.732337884592
부평구,광명13차아파트,삼산동 359-2,5808.0,소규모재건축,조합설립인가,소규모정비,37.52332503511,126.738806453888
부평구,동원8차아파트,산곡동 82-116,3280.0,소규모재건축,조합설립인가,소규모정비,37.5066505409639,126.697803635095
부평구,건우아파트,부평동 799-3,7254.1,소규모재건축,조합설립인가,소규모정비,37.5043776876951,126.718033314897
부평구,미도4차아파트,부평동 799-5,6110.6,소규모재건축,조합설립인가,소규모정비,37.5048442645807,126.718615930118
계양구,장미연립,작전동 684번지 일원,2291.0,소규모재건축,착공,소규모정비,37.5258380741449,126.736481050963
계양구,대부연립,박촌동 43번지 외 6필지,1885.0,가로주택,사업시행계획인가,소규모정비,37.5574910403993,126.741878923983
계양구,신한아파트,작전동 852-14 일원,6357.0,가로주택,건축심의완료,소규모정비,37.5361603797794,126.721068819153
계양구,천금연립,작전동 864-3번지 일원,2529.1,가로주택,건축심의완료,소규모정비,37.5323128711191,126.721345968209
계양구,동남아파트,효성동 25-20번지일원,5290.0,소규모재건축,건축심의완료,소규모정비,37.5349707560855,126.711343147116
계양구,신동양아파트,계산동 935-5,3150.0,소규모재건축,건축심의완료,소규모정비,37.5447420538404,126.719297175347
계양구,상록삼익세림,효성동 153-1번지 일원,5821.0,소규모재건축,건축심의완료,소규모정비,37.5297293786701,126.709322520516
계양구,효성동 서광아파트,효성동 236-6번지,6600.2,소규모재건축,건축심의완료,소규모정비,37.5273309820996,126.71422121414
계양구,효성동중앙공영아파트,효성동 293-1번지 일원,7240.0,소규모재건축,건축심의완료,소규모정비,37.529631024575,126.71773147165
계양구,작전동 동아아파트,작전동 854-12번지,4640.1,가로주택,조합설립인가,소규모정비,37.5329769800159,126.72344686546
계양구,효성동 동서아파트,효성동 24-7번지 일원,5734.0,소규모재건축,조합설립인가,소규모정비,37.5342451873918,126.712860448313
계양구,문화연립,작전동 176,1808.3,소규모재건축,조합설립인가,소규모정비,37.5271938298412,126.73058049406
계양구,계산동 동성아파트,계산동 931-29번지 일원,3499.7,소규모재건축,조합설립인가,소규모정비,37.5441894650715,126.721959770861
계양구,효성동 삼진연립,효성동 546-1번지,4278.1,소규모재건축,조합설립인가,소규모정비,37.5258219444125,126.70127741128
계양구,계산동 928-17,계산동 928-17번지,131.8,자율주택,주민합의체,소규모정비,37.5439966213333,126.726615939124
서구,석남아파트,서구 석남동 502-6번지,1271.1,가로주택,사업시행계획인가,소규모정비,37.5065616939754,126.674568692957
서구,공원마을,서구 석남동 588-8번지 외 2필지,3033.3,소규모재건축,사업시행계획인가,소규모정비,37.5013283617014,126.668525538327
서구,동우아파트,서구 석남동 521-2,4325.0,가로주택,사업시행계획인가,소규모정비,37.5084986935483,126.670031681692
서구,우주아파트,서구 석남동 506-3번지 외 4필지,3261.4,가로주택,사업시행계획인가,소규모정비,37.5084002620754,126.673551051523
서구,충영,서구 석남동 508-1번지 외 9필지,2732.7,가로주택,건축심의완료,소규모정비,37.5096110328693,126.673553130393
서구,석남역,서구 석남동 494-2번지 외 30필지,8052.1,가로주택,건축심의완료,소규모정비,37.5076940507845,126.676726489908
서구,석남역 석남동 490번지 일원,서구 석남동 490-1번지 외 15필지,3616.2,가로주택,건축심의완료,소규모정비,37.508573805708,126.677128166977
서구,가정동 498번지 일원,서구 가정동 498번지 외 42필지,6221.8,가로주택,건축심의완료,소규모정비,37.5209695314142,126.67631843478
서구,동진3차아파트,서구 석남동 490번지,5669.7,가로주택,건축심의 접수,소규모정비,37.5091389145817,126.676963769531
서구,중앙아파트,서구 석남동 501번지,3258.5,가로주택,건축심의 접수,소규모정비,37.5072139707245,126.674649329217
서구,은성빌라,서구 석남동 522번지 외 2필지,991.8,가로주택,조합설립인가,소규모정비,37.5093314756811,126.669350414562
서구,석남동 489번지 일원,서구 석남동 489번지 외 5필지,6614.1,가로주택,조합설립인가,소규모정비,37.5091055656087,126.677585979132
서구,가좌동 197번지 일원,서구 가좌동 197번지 일원,6580.6,가로주택,조합설립인가,소규모정비,37.4953484196563,126.680431926392
서구,금강빌라주변,서구 석남동 515-8번지 외6필지,3020.3,가로주택,조합설립인가,소규모정비,37.508428808229,126.671077050384
서구,태산아파트,서구 석남동 499번지,3768.4,가로주택,조합설립인가,소규모정비,37.5083825575773,126.674808707409
서구,중앙1차아파트,서구 석남동 503번지,1482.4,가로주택,조합설립인가,소규모정비,37.5068299532845,126.673404753046
서구,인천 석남동 473번지일대,서구 석남동 473번지 일원,5318.6,가로주택,조합설립인가,소규모정비,37.5119532512163,126.67692008361
서구,창대빌라 일대,서구 석남동 201-1번지 일원,4451.0,가로주택,조합설립인가,소규모정비,37.5129550743618,126.663527656689
서구,석남동 529번지 일원,석남동 529번지 일원,9167.3,가로주택,조합설립인가,소규모정비,37.5039174404467,126.66889680554
서구,가좌동 207번지 동남아파트,서구 가좌동 207번지,6277.6,소규모재건축,조합설립인가,소규모정비,37.4936210184321,126.677349953606
