candidate_id,excluded_by_school,exclude_reason,matched_inst_name,matched_inst_type,matched_distance_m,polygon_used,radius_rule_applied
CG_01293,False,,,,,False,
CG_01323,False,,,,,False,
CG_01354,False,,,,,False,
CG_01353,False,,,,,False,
CG_01325,False,,,,,False,
CG_01384,False,,,,,False,
CG_01386,False,,,,,False,
CG_01424,False,,,,,False,
CG_00485,True,inside_polygon,인천신현북초등학교,학교,0.0,True,
CG_00524,False,,,,,False,
CG_00242,False,,,,,False,
CG_00243,False,,,,,False,
CG_00244,False,,,,,False,
CG_01078,False,,,,,False,
CG_01079,False,,,,,False,
CG_01122,False,,,,,False,
CG_01121,False,,,,,False,
CG_01247,False,,,,,False,
CG_01245,False,,,,,False,
CG_01044,False,,,,,False,
CG_01045,False,,,,,False,
CG_01294,False,,,,,False,
CG_01324,False,,,,,False,
CG_01012,False,,,,,False,
CG_01326,False,,,,,False,
CG_00483,False,,,,,False,
CG_01423,False,,,,,False,
CG_01385,False,,,,,False,
CG_01383,False,,,,,False,
CG_01154,False,,,,,False,
CG_01153,False,,,,,False,
CG_01213,False,,,,,False,
CG_01189,False,,,,,False,
CG_01188,False,,,,,False,
CG_01212,True,inside_polygon,정각초등학교,학교,0.0,True,
CG_01214,False,,,,,False,
CG_01187,False,,,,,False,
CG_01411,False,,,,,False,
CG_00336,True,inside_polygon,옥련중학교,학교,0.0,True,
CG_00262,False,,,,,False,
CG_00453,False,,,,,False,
CG_00573,False,,,,,False,
CG_00574,False,,,,,False,
CG_00484,False,,,,,False,
CG_00522,False,,,,,False,
CG_00523,False,,,,,False,
CG_01499,False,,,,,False,
CG_01460,False,,,,,False,
CG_01046,False,,,,,False,
CG_01506,False,,,,,False,
CG_00280,True,inside_polygon,서림초등학교,학교,0.0,True,
CG_00245,False,,,,,False,
CG_00265,False,,,,,False,
CG_00264,False,,,,,False,
CG_00335,False,,,,,False,
CG_00312,False,,,,,False,
CG_00311,False,,,,,False,
CG_01322,False,,,,,False,
CG_01292,False,,,,,False,
CG_01352,False,,,,,False,
CG_01351,False,,,,,False,
CG_01387,False,,,,,False,
CG_01558,False,,,,,False,
CG_01530,False,,,,,False,
CG_01343,False,,,,,False,
CG_01345,False,,,,,False,
CG_01344,False,,,,,False,
CG_01315,True,inside_polygon,인동초등학교,학교,0.0,True,
CG_01316,False,,,,,False,
CG_01221,False,,,,,False,
CG_01222,False,,,,,False,
CG_01167,False,,,,,False,
CG_01195,False,,,,,False,
CG_00969,True,inside_polygon,인천주원초등학교,학교,0.0,True,
CG_00937,False,,,,,False,
CG_01246,False,,,,,False,
CG_01494,False,,,,,False,
CG_01528,False,,,,,False,
CG_01495,False,,,,,False,
CG_01456,False,,,,,False,
CG_01496,False,,,,,False,
CG_00263,False,,,,,False,
CG_01248,False,,,,,False,
CG_01215,False,,,,,False,
CG_00313,False,,,,,False,
CG_00291,False,,,,,False,
CG_00292,False,,,,,False,
CG_00276,False,,,,,False,
CG_00290,True,inside_polygon,능허대초등학교,학교,0.0,True,
CG_00289,False,,,,,False,
CG_00275,False,,,,,False,
CG_00274,False,,,,,False,
CG_00256,False,,,,,False,
CG_01412,False,,,,,False,
CG_01557,False,,,,,False,
CG_01556,False,,,,,False,
CG_01555,False,,,,,False,
CG_01598,False,,,,,False,
CG_01579,False,,,,,False,
CG_01580,False,,,,,False,
CG_01599,False,,,,,False,
CG_01578,False,,,,,False,
CG_01491,False,,,,,False,
CG_01524,False,,,,,False,
CG_01399,False,,,,,False,
CG_01438,False,,,,,False,
CG_01253,False,,,,,False,
CG_01163,False,,,,,False,
CG_01161,False,,,,,False,
CG_01162,False,,,,,False,
CG_01191,False,,,,,False,
CG_00978,False,,,,,False,
CG_01011,True,inside_polygon_buffer,인천산곡초등학교,학교,1.6,True,
CG_00979,False,,,,,False,
CG_01010,False,,,,,False,
CG_00221,True,inside_polygon_buffer,영화초등학교,학교,0.0,True,
CG_00199,False,,,,,False,
CG_00222,False,,,,,False,
CG_00729,False,,,,,False,
CG_00730,False,,,,,False,
CG_00823,False,,,,,False,
CG_00822,False,,,,,False,
CG_00841,False,,,,,False,
CG_01401,False,,,,,False,
CG_00904,False,,,,,False,
CG_00882,False,,,,,False,
CG_01377,False,,,,,False,
CG_01542,False,,,,,False,
CG_01493,False,,,,,False,
CG_01492,True,inside_polygon_buffer,새말초등학교,학교,9.7,True,
CG_01553,False,,,,,False,
CG_01554,False,,,,,False,
CG_01525,False,,,,,False,
CG_01526,False,,,,,False,
CG_00223,False,,,,,False,
CG_00455,True,inside_polygon,신현여자중학교,학교,0.0,True,
CG_00486,False,,,,,False,
CG_00525,True,inside_polygon_buffer,신현고등학교,학교,4.8,True,
CG_01471,False,,,,,False,
CG_01505,False,,,,,False,
CG_01537,False,,,,,False,
CG_01503,False,,,,,False,
CG_01536,False,,,,,False,
CG_01472,False,,,,,False,
CG_01504,False,,,,,False,
CG_01169,False,,,,,False,
CG_00024,False,,,,,False,
CG_00020,False,,,,,False,
CG_00023,False,,,,,False,
CG_00271,False,,,,,False,
CG_00287,True,inside_polygon,인천포스코고등학교,학교,0.0,True,
CG_00286,False,,,,,False,
CG_01166,False,,,,,False,
CG_01190,False,,,,,False,
CG_01001,False,,,,,False,
CG_01002,False,,,,,False,
CG_00279,False,,,,,False,
CG_00482,False,,,,,False,
CG_00452,False,,,,,False,
CG_00282,False,,,,,False,
CG_00295,False,,,,,False,
CG_00281,False,,,,,False,
CG_00266,False,,,,,False,
CG_00610,False,,,,,False,
CG_00609,False,,,,,False,
CG_01422,False,,,,,False,
CG_01502,False,,,,,False,
CG_01461,True,inside_polygon,인천부흥초등학교,학교,0.0,True,
CG_01462,False,,,,,False,
CG_01463,False,,,,,False,
CG_01500,False,,,,,False,
CG_01501,False,,,,,False,
CG_01534,True,inside_polygon,인천부광초등학교,학교,0.0,True,
CG_01533,False,,,,,False,
CG_01421,False,,,,,False,
CG_00200,True,inside_polygon_buffer,송림초등학교,학교,7.9,True,
CG_01152,False,,,,,False,
CG_00940,False,,,,,False,
CG_00907,False,,,,,False,
CG_00233,False,,,,,False,
CG_00234,False,,,,,False,
CG_00605,False,,,,,False,
CG_00606,False,,,,,False,
CG_00555,False,,,,,False,
CG_00648,False,,,,,False,
CG_00731,False,,,,,False,
CG_00690,False,,,,,False,
CG_00649,False,,,,,False,
CG_00554,False,,,,,False,
CG_01476,False,,,,,False,
CG_01509,False,,,,,False,
CG_01477,True,inside_polygon,인천안남초등학교,학교,0.0,True,
CG_01410,False,,,,,False,
CG_01452,False,,,,,False,
CG_01453,False,,,,,False,
CG_00566,False,,,,,False,
CG_00613,False,,,,,False,
CG_00936,False,,,,,False,
CG_00968,False,,,,,False,
CG_01006,False,,,,,False,
CG_00064,False,,,,,False,
CG_00071,False,,,,,False,
CG_01168,False,,,,,False,
CG_01223,False,,,,,False,
CG_01196,True,inside_polygon,명현중학교,학교,0.0,True,
CG_01197,False,,,,,False,
CG_01129,False,,,,,False,
CG_00599,False,,,,,False,
CG_00551,False,,,,,False,
CG_00550,False,,,,,False,
CG_00643,False,,,,,False,
CG_00601,True,inside_polygon,인주초등학교,학교,0.0,True,
CG_00642,False,,,,,False,
CG_00600,False,,,,,False,
CG_01175,False,,,,,False,
CG_01176,True,inside_polygon,인천이음중학교,학교,0.0,True,
CG_01527,False,,,,,False,
CG_01529,False,,,,,False,
CG_00334,False,,,,,False,
CG_00685,False,,,,,False,
CG_00684,False,,,,,False,
CG_00161,False,,,,,False,
CG_01295,False,,,,,False,
CG_01258,False,,,,,False,
CG_01257,False,,,,,False,
CG_01296,False,,,,,False,
CG_01259,False,,,,,False,
CG_01256,False,,,,,False,
CG_01400,False,,,,,False,
CG_01263,False,,,,,False,
CG_01264,False,,,,,False,
CG_01435,True,inside_polygon,작전여자고등학교,학교,0.0,True,
CG_01478,False,,,,,False,
CG_01440,False,,,,,False,
CG_01511,False,,,,,False,
CG_01300,False,,,,,False,
CG_01262,False,,,,,False,
CG_01299,False,,,,,False,
CG_01219,False,,,,,False,
CG_01220,False,,,,,False,
CG_01261,False,,,,,False,
CG_00804,False,,,,,False,
CG_00805,False,,,,,False,
CG_00803,False,,,,,False,
CG_00829,False,,,,,False,
CG_00828,True,inside_polygon,석암초등학교,학교,0.0,True,
CG_00806,False,,,,,False,
CG_00843,False,,,,,False,
CG_00773,False,,,,,False,
CG_00774,False,,,,,False,
CG_00827,False,,,,,False,
CG_00826,False,,,,,False,
CG_00844,False,,,,,False,
CG_00845,False,,,,,False,
CG_00152,True,inside_polygon,국제학교,학교,0.0,True,
CG_00507,False,,,,,False,
CG_00201,False,,,,,False,
CG_01475,True,within_point_radius,인천부현초등학교,초등학교,30.5,False,50m_school
CG_01436,False,,,,,False,
CG_01437,False,,,,,False,
CG_01398,False,,,,,False,
CG_00572,False,,,,,False,
CG_00521,False,,,,,False,
CG_00571,False,,,,,False,
CG_00618,False,,,,,False,
CG_00616,False,,,,,False,
CG_00617,False,,,,,False,
CG_00664,False,,,,,False,
CG_01413,False,,,,,False,
CG_01414,False,,,,,False,
CG_01346,False,,,,,False,
CG_01378,True,inside_polygon,인천동부초등학교,학교,0.0,True,
CG_01379,False,,,,,False,
CG_01380,False,,,,,False,
CG_01320,False,,,,,False,
CG_01321,False,,,,,False,
CG_01350,False,,,,,False,
CG_01349,False,,,,,False,
CG_01255,False,,,,,False,
CG_01254,False,,,,,False,
CG_01291,False,,,,,False,
CG_01290,False,,,,,False,
CG_01080,False,,,,,False,
CG_01077,True,inside_polygon,인천부곡초등학교,학교,0.0,True,
CG_01120,False,,,,,False,
CG_01123,False,,,,,False,
CG_01164,False,,,,,False,
CG_01192,False,,,,,False,
CG_01130,False,,,,,False,
CG_01085,False,,,,,False,
CG_01552,False,,,,,False,
CG_00934,False,,,,,False,
CG_00901,False,,,,,False,
CG_00903,False,,,,,False,
CG_00967,False,,,,,False,
CG_00966,False,,,,,False,
CG_00859,False,,,,,False,
CG_00858,False,,,,,False,
CG_00879,False,,,,,False,
CG_00902,False,,,,,False,
CG_00881,False,,,,,False,
CG_00880,False,,,,,False,
CG_00997,False,,,,,False,
CG_00935,False,,,,,False,
CG_01304,False,,,,,False,
CG_01303,False,,,,,False,
CG_01268,False,,,,,False,
CG_01269,False,,,,,False,
CG_01464,False,,,,,False,
CG_01466,False,,,,,False,
CG_01465,False,,,,,False,
CG_01426,False,,,,,False,
CG_01425,False,,,,,False,
CG_01427,False,,,,,False,
CG_01389,False,,,,,False,
CG_01356,False,,,,,False,
CG_01355,False,,,,,False,
CG_01388,False,,,,,False,
CG_00314,False,,,,,False,
CG_00257,False,,,,,False,
CG_00258,True,inside_polygon,송도고등학교,학교,0.0,True,
CG_00277,False,,,,,False,
CG_00448,False,,,,,False,
CG_00476,True,inside_polygon,인천비즈니스고등학교,학교,0.0,True,
CG_00512,False,,,,,False,
CG_00514,False,,,,,False,
CG_00474,False,,,,,False,
CG_00447,False,,,,,False,
CG_00449,False,,,,,False,
CG_00475,False,,,,,False,
CG_00562,False,,,,,False,
CG_00563,False,,,,,False,
CG_00513,True,inside_polygon_buffer,대화초등학교,학교,5.0,True,
CG_00561,False,,,,,False,
CG_00772,False,,,,,False,
CG_00824,False,,,,,False,
CG_00842,False,,,,,False,
CG_00799,False,,,,,False,
CG_00769,False,,,,,False,
CG_00770,False,,,,,False,
CG_00771,False,,,,,False,
CG_00825,False,,,,,False,
CG_00802,False,,,,,False,
CG_00801,False,,,,,False,
CG_00800,False,,,,,False,
CG_00728,False,,,,,False,
CG_01082,False,,,,,False,
CG_01125,False,,,,,False,
CG_01081,False,,,,,False,
CG_01126,False,,,,,False,
CG_01124,False,,,,,False,
CG_01543,False,,,,,False,
CG_01032,False,,,,,False,
CG_01030,False,,,,,False,
CG_01033,False,,,,,False,
CG_01063,False,,,,,False,
CG_01031,False,,,,,False,
CG_01062,False,,,,,False,
CG_01066,False,,,,,False,
CG_01064,True,inside_polygon,상인천초등학교,학교,0.0,True,
CG_01107,False,,,,,False,
CG_01108,False,,,,,False,
CG_01106,False,,,,,False,
CG_01065,False,,,,,False,
CG_01109,False,,,,,False,
CG_01110,False,,,,,False,
CG_01155,False,,,,,False,
CG_00948,True,inside_polygon,nan,학교,0.0,True,
CG_00981,False,,,,,False,
CG_00980,False,,,,,False,
CG_00949,False,,,,,False,
CG_01013,False,,,,,False,
CG_01014,False,,,,,False,
CG_01341,False,,,,,False,
CG_00250,False,,,,,False,
CG_00268,False,,,,,False,
CG_00251,True,inside_polygon,신정초등학교,학교,0.0,True,
CG_00253,False,,,,,False,
CG_00252,True,inside_polygon,채드윅 송도 국제학교,학교,0.0,True,
CG_00270,False,,,,,False,
CG_00269,False,,,,,False,
CG_00285,False,,,,,False,
CG_00284,False,,,,,False,
CG_00232,False,,,,,False,
CG_00341,False,,,,,False,
CG_00374,False,,,,,False,
CG_00373,False,,,,,False,
CG_00420,False,,,,,False,
CG_00400,True,inside_polygon_buffer,용정초등학교,학교,0.6,True,
CG_00401,False,,,,,False,
CG_00178,True,inside_polygon,인천정보과학고등학교,학교,0.0,True,
CG_00179,False,,,,,False,
CG_00912,False,,,,,False,
CG_00911,True,inside_polygon,상정고등학교,학교,0.0,True,
CG_00944,False,,,,,False,
CG_00976,False,,,,,False,
CG_00945,False,,,,,False,
CG_00910,False,,,,,False,
CG_00943,False,,,,,False,
CG_00977,False,,,,,False,
CG_01004,False,,,,,False,
CG_01005,False,,,,,False,
CG_00975,False,,,,,False,
CG_00414,False,,,,,False,
CG_01249,False,,,,,False,
CG_01314,False,,,,,False,
CG_01283,False,,,,,False,
CG_01313,False,,,,,False,
CG_01286,False,,,,,False,
CG_01285,False,,,,,False,
CG_01284,False,,,,,False,
CG_01186,False,,,,,False,
CG_01209,False,,,,,False,
CG_01211,False,,,,,False,
CG_01244,False,,,,,False,
CG_01243,False,,,,,False,
CG_01210,False,,,,,False,
CG_01242,False,,,,,False,
CG_01280,False,,,,,False,
CG_01185,False,,,,,False,
CG_01282,False,,,,,False,
CG_01281,False,,,,,False,
CG_01184,False,,,,,False,
CG_00159,False,,,,,False,
CG_00612,False,,,,,False,
CG_00611,False,,,,,False,
CG_01119,False,,,,,False,
CG_01118,False,,,,,False,
CG_01117,True,inside_polygon,인천대정초등학교,학교,0.0,True,
CG_01041,False,,,,,False,
CG_01042,False,,,,,False,
CG_01073,False,,,,,False,
CG_01075,False,,,,,False,
CG_01074,False,,,,,False,
CG_00259,False,,,,,False,
CG_00260,False,,,,,False,
CG_00194,False,,,,,False,
CG_00192,False,,,,,False,
CG_00193,False,,,,,False,
CG_00238,True,inside_polygon,용현초등학교,학교,0.0,True,
CG_00237,False,,,,,False,
CG_00173,False,,,,,False,
CG_00212,False,,,,,False,
CG_00239,False,,,,,False,
CG_00172,False,,,,,False,
CG_00214,False,,,,,False,
CG_00215,False,,,,,False,
CG_00213,False,,,,,False,
CG_01105,False,,,,,False,
CG_01103,True,inside_polygon_buffer,성리중학교,학교,2.4,True,
CG_01102,False,,,,,False,
CG_01060,False,,,,,False,
CG_01058,False,,,,,False,
CG_01059,False,,,,,False,
CG_01057,False,,,,,False,
CG_01028,False,,,,,False,
CG_01149,False,,,,,False,
CG_01151,False,,,,,False,
CG_01150,False,,,,,False,
CG_01148,False,,,,,False,
CG_01026,False,,,,,False,
CG_01027,False,,,,,False,
CG_01104,False,,,,,False,
CG_00568,False,,,,,False,
CG_00519,False,,,,,False,
CG_00518,False,,,,,False,
CG_00567,False,,,,,False,
CG_00517,False,,,,,False,
CG_00478,False,,,,,False,
CG_01454,False,,,,,False,
CG_01560,True,inside_polygon_buffer,부평여자중학교,학교,9.6,True,
CG_01458,False,,,,,False,
CG_01531,True,inside_polygon_buffer,인천부흥고등학교,학교,5.2,True,
CG_01497,True,within_point_radius,인천부개서초등학교,초등학교,48.2,False,50m_school
CG_01459,False,,,,,False,
CG_01532,False,,,,,False,
CG_01420,False,,,,,False,
CG_01559,False,,,,,False,
CG_01498,False,,,,,False,
CG_01419,False,,,,,False,
CG_01083,False,,,,,False,
CG_01084,False,,,,,False,
CG_01127,False,,,,,False,
CG_01128,False,,,,,False,
CG_01446,False,,,,,False,
CG_01406,False,,,,,False,
CG_01484,False,,,,,False,
CG_01447,False,,,,,False,
CG_01407,False,,,,,False,
CG_01485,True,inside_polygon_buffer,소래초등학교,학교,6.1,True,
CG_01564,False,,,,,False,
CG_01538,False,,,,,False,
CG_01535,False,,,,,False,
CG_01581,False,,,,,False,
CG_01582,False,,,,,False,
CG_01562,False,,,,,False,
CG_01561,False,,,,,False,
CG_01563,False,,,,,False,
CG_00488,False,,,,,False,
CG_00487,False,,,,,False,
CG_00619,False,,,,,False,
CG_00456,False,,,,,False,
CG_00620,False,,,,,False,
CG_00527,False,,,,,False,
CG_00575,False,,,,,False,
CG_00577,False,,,,,False,
CG_00576,False,,,,,False,
CG_00526,False,,,,,False,
CG_00437,False,,,,,False,
CG_00439,False,,,,,False,
CG_00438,False,,,,,False,
CG_01199,False,,,,,False,
CG_01231,False,,,,,False,
CG_00712,False,,,,,False,
CG_00711,False,,,,,False,
CG_00436,False,,,,,False,
CG_01202,False,,,,,False,
CG_00435,False,,,,,False,
CG_01233,False,,,,,False,
CG_00424,False,,,,,False,
CG_00423,False,,,,,False,
CG_00751,False,,,,,False,
CG_00750,False,,,,,False,
CG_00785,False,,,,,False,
CG_00749,False,,,,,False,
CG_00784,False,,,,,False,
CG_00709,False,,,,,False,
CG_01234,False,,,,,False,
CG_01232,False,,,,,False,
CG_00710,False,,,,,False,
CG_01200,False,,,,,False,
CG_01201,False,,,,,False,
CG_00666,False,,,,,False,
CG_00665,False,,,,,False,
CG_00667,False,,,,,False,
CG_00529,False,,,,,False,
CG_00459,False,,,,,False,
CG_00528,False,,,,,False,
CG_00489,False,,,,,False,
CG_00530,True,inside_polygon_buffer,루원중학교,학교,4.5,True,
CG_00752,False,,,,,False,
CG_01177,False,,,,,False,
CG_00490,False,,,,,False,
CG_00668,False,,,,,False,
CG_00491,False,,,,,False,
CG_00457,False,,,,,False,
CG_00454,False,,,,,False,
CG_00458,False,,,,,False,
CG_00621,False,,,,,False,
CG_00622,False,,,,,False,
CG_01576,False,,,,,False,
CG_01575,False,,,,,False,
CG_01596,False,,,,,False,
CG_01577,False,,,,,False,
CG_01036,False,,,,,False,
CG_01034,False,,,,,False,
CG_01000,False,,,,,False,
CG_01037,False,,,,,False,
CG_01035,False,,,,,False,
CG_01114,False,,,,,False,
CG_01111,False,,,,,False,
CG_01112,False,,,,,False,
CG_01113,False,,,,,False,
CG_01069,False,,,,,False,
CG_01070,False,,,,,False,
CG_01067,False,,,,,False,
CG_01068,True,inside_polygon,동암초등학교,학교,0.0,True,
CG_01302,False,,,,,False,
CG_01305,False,,,,,False,
CG_01333,False,,,,,False,
CG_01332,False,,,,,False,
CG_00278,False,,,,,False,
CG_00293,True,inside_polygon,동산중고등학교,학교,0.0,True,
CG_00294,False,,,,,False,
CG_01394,False,,,,,False,
CG_01434,False,,,,,False,
CG_01432,False,,,,,False,
CG_01470,False,,,,,False,
CG_01473,False,,,,,False,
CG_01395,False,,,,,False,
CG_01433,False,,,,,False,
CG_00647,False,,,,,False,
CG_00687,False,,,,,False,
CG_00646,False,,,,,False,
CG_00603,False,,,,,False,
CG_00553,False,,,,,False,
CG_00604,False,,,,,False,
CG_00689,False,,,,,False,
CG_00688,False,,,,,False,
CG_01602,False,,,,,False,
CG_01603,False,,,,,False,
CG_01586,True,inside_polygon,임학중학교,학교,0.0,True,
CG_01585,False,,,,,False,
CG_01565,False,,,,,False,
CG_00942,False,,,,,False,
CG_00973,False,,,,,False,
CG_00909,False,,,,,False,
CG_00974,False,,,,,False,
CG_01003,False,,,,,False,
CG_00886,False,,,,,False,
CG_00972,False,,,,,False,
CG_00941,False,,,,,False,
CG_00908,False,,,,,False,
CG_00887,False,,,,,False,
CG_01418,False,,,,,False,
CG_01416,False,,,,,False,
CG_01417,False,,,,,False,
CG_01415,False,,,,,False,
CG_01457,False,,,,,False,
CG_01382,False,,,,,False,
CG_01381,False,,,,,False,
CG_01455,False,,,,,False,
CG_01614,False,,,,,False,
CG_01635,False,,,,,False,
CG_00552,False,,,,,False,
CG_00602,False,,,,,False,
CG_00876,False,,,,,False,
CG_00875,False,,,,,False,
CG_00878,False,,,,,False,
CG_00877,False,,,,,False,
CG_00644,False,,,,,False,
CG_00856,False,,,,,False,
CG_00854,True,within_point_radius,관교중학교,중학교,33.7,False,50m_school
CG_00855,False,,,,,False,
CG_00857,False,,,,,False,
CG_00686,False,,,,,False,
CG_00645,False,,,,,False,
CG_00900,False,,,,,False,
CG_00840,False,,,,,False,
CG_00839,False,,,,,False,
CG_00933,False,,,,,False,
CG_00899,False,,,,,False,
CG_00898,False,,,,,False,
CG_01194,False,,,,,False,
CG_01193,False,,,,,False,
CG_01165,False,,,,,False,
CG_01218,False,,,,,False,
CG_01317,False,,,,,False,
CG_01348,False,,,,,False,
CG_01347,False,,,,,False,
CG_01250,False,,,,,False,
CG_01216,False,,,,,False,
CG_01217,False,,,,,False,
CG_01251,False,,,,,False,
CG_01289,False,,,,,False,
CG_01288,False,,,,,False,
CG_01287,True,inside_polygon_buffer,인천동수중학교,학교,4.6,True,
CG_01252,False,,,,,False,
CG_01318,False,,,,,False,
CG_01319,False,,,,,False,
CG_01052,False,,,,,False,
CG_01051,False,,,,,False,
CG_00151,False,,,,,False,
CG_00135,True,inside_polygon,인천과학예술영재학교,학교,0.0,True,
CG_00188,False,,,,,False,
CG_00187,False,,,,,False,
CG_00169,False,,,,,False,
CG_00167,False,,,,,False,
CG_00168,True,inside_polygon,송일초등학교,학교,0.0,True,
CG_00150,False,,,,,False,
CG_00136,False,,,,,False,
CG_01487,False,,,,,False,
CG_01048,False,,,,,False,
CG_01047,True,inside_polygon_buffer,청천중학교,학교,8.8,True,
CG_01508,False,,,,,False,
CG_01507,False,,,,,False,
CG_01510,False,,,,,False,
CG_01474,False,,,,,False,
CG_01539,False,,,,,False,
CG_01541,False,,,,,False,
CG_01439,False,,,,,False,
CG_01540,False,,,,,False,
CG_00637,False,,,,,False,
CG_00635,False,,,,,False,
CG_00588,False,,,,,False,
CG_00636,False,,,,,False,
CG_00721,False,,,,,False,
CG_00680,False,,,,,False,
CG_00681,False,,,,,False,
CG_00679,False,,,,,False,
CG_01029,False,,,,,False,
CG_01061,False,,,,,False,
CG_00905,True,inside_polygon,석정초등학교,학교,0.0,True,
CG_00971,False,,,,,False,
CG_00939,False,,,,,False,
CG_00938,False,,,,,False,
CG_00884,True,inside_polygon,석정중학교,학교,0.0,True,
CG_00860,False,,,,,False,
CG_00883,False,,,,,False,
CG_00906,False,,,,,False,
CG_00970,False,,,,,False,
CG_00885,False,,,,,False,
CG_00016,False,,,,,False,
CG_00021,False,,,,,False,
CG_00019,False,,,,,False,
CG_00018,False,,,,,False,
CG_00017,False,,,,,False,
CG_00062,False,,,,,False,
CG_00053,False,,,,,False,
CG_00063,False,,,,,False,
CG_00070,True,inside_polygon,인천송담초등학교,학교,0.0,True,
CG_00077,False,,,,,False,
CG_00061,False,,,,,False,
CG_00054,False,,,,,False,
CG_01337,False,,,,,False,
CG_00658,False,,,,,False,
CG_00651,False,,,,,False,
CG_00608,False,,,,,False,
CG_00732,False,,,,,False,
CG_00508,True,inside_polygon,인천기계공업고등학교,학교,0.0,True,
CG_00557,False,,,,,False,
CG_00556,False,,,,,False,
CG_00607,False,,,,,False,
CG_00691,False,,,,,False,
CG_00692,False,,,,,False,
CG_00650,False,,,,,False,
CG_01604,False,,,,,False,
CG_01568,False,,,,,False,
CG_01588,False,,,,,False,
CG_01587,False,,,,,False,
CG_01605,False,,,,,False,
CG_00163,False,,,,,False,
CG_00180,False,,,,,False,
CG_00162,False,,,,,False,
CG_00220,False,,,,,False,
CG_00261,False,,,,,False,
CG_00241,False,,,,,False,
CG_01597,False,,,,,False,
CG_01615,False,,,,,False,
CG_01636,False,,,,,False,
CG_00216,False,,,,,False,
CG_00217,False,,,,,False,
CG_00158,False,,,,,False,
CG_00218,False,,,,,False,
CG_00176,False,,,,,False,
CG_00195,False,,,,,False,
CG_00197,False,,,,,False,
CG_00196,False,,,,,False,
CG_00198,False,,,,,False,
CG_00177,False,,,,,False,
CG_00157,False,,,,,False,
CG_00175,False,,,,,False,
CG_00174,False,,,,,False,
CG_00219,True,inside_polygon,광성고등학교,학교,0.0,True,
CG_00026,False,,,,,False,
CG_00025,False,,,,,False,
CG_00030,False,,,,,False,
CG_00022,False,,,,,False,
CG_00027,False,,,,,False,
CG_00031,False,,,,,False,
CG_01550,False,,,,,False,
CG_01390,False,,,,,False,
CG_01358,False,,,,,False,
CG_01392,False,,,,,False,
CG_01431,False,,,,,False,
CG_01468,False,,,,,False,
CG_01469,False,,,,,False,
CG_01467,False,,,,,False,
CG_01357,False,,,,,False,
CG_01393,False,,,,,False,
CG_01429,False,,,,,False,
CG_01428,False,,,,,False,
CG_01430,True,inside_polygon_buffer,인천부평북초등학교,학교,5.9,True,
CG_01391,False,,,,,False,
CG_01008,False,,,,,False,
CG_01007,False,,,,,False,
CG_01009,False,,,,,False,
CG_01040,False,,,,,False,
CG_01076,False,,,,,False,
CG_01043,False,,,,,False,
CG_00340,False,,,,,False,
CG_00339,False,,,,,False,
CG_00371,False,,,,,False,
CG_00338,False,,,,,False,
CG_00372,False,,,,,False,
CG_00418,False,,,,,False,
CG_00399,False,,,,,False,
CG_00417,False,,,,,False,
CG_00398,False,,,,,False,
CG_00419,False,,,,,False,
CG_01376,False,,,,,False,
CG_00984,False,,,,,False,
CG_01049,False,,,,,False,
CG_00983,True,inside_polygon,인천청천초등학교,학교,0.0,True,
CG_00919,False,,,,,False,
CG_01015,False,,,,,False,
CG_01050,False,,,,,False,
CG_01017,False,,,,,False,
CG_01016,False,,,,,False,
CG_00951,False,,,,,False,
CG_00952,False,,,,,False,
CG_00950,False,,,,,False,
CG_00982,False,,,,,False,
CG_00598,False,,,,,False,
CG_00548,False,,,,,False,
CG_00549,False,,,,,False,
CG_00505,False,,,,,False,
CG_00502,False,,,,,False,
CG_00466,False,,,,,False,
CG_00504,False,,,,,False,
CG_00465,False,,,,,False,
CG_00503,False,,,,,False,
CG_01365,False,,,,,False,
CG_01331,False,,,,,False,
CG_01367,False,,,,,False,
CG_01330,False,,,,,False,
CG_01366,False,,,,,False,
CG_01364,False,,,,,False,
CG_00683,False,,,,,False,
CG_00797,False,,,,,False,
CG_00798,False,,,,,False,
CG_00765,False,,,,,False,
CG_00766,False,,,,,False,
CG_00821,False,,,,,False,
CG_00768,False,,,,,False,
CG_00796,False,,,,,False,
CG_00820,False,,,,,False,
CG_00726,False,,,,,False,
CG_00725,False,,,,,False,
CG_00767,True,inside_polygon,문학초등학교,학교,0.0,True,
CG_00724,False,,,,,False,
CG_00727,False,,,,,False,
CG_00181,False,,,,,False,
CG_00183,False,,,,,False,
CG_00202,False,,,,,False,
CG_00165,False,,,,,False,
CG_00164,False,,,,,False,
CG_00148,False,,,,,False,
CG_00149,False,,,,,False,
CG_00147,False,,,,,False,
CG_00182,False,,,,,False,
CG_00166,False,,,,,False,
CG_01278,False,,,,,False,
CG_01204,False,,,,,False,
CG_01237,False,,,,,False,
CG_01236,False,,,,,False,
CG_01279,False,,,,,False,
CG_01203,True,inside_polygon,인천한누리학교,학교,0.0,True,
CG_01312,False,,,,,False,
CG_01340,False,,,,,False,
CG_01238,False,,,,,False,
CG_01310,False,,,,,False,
CG_01311,False,,,,,False,
CG_01277,False,,,,,False,
CG_00324,False,,,,,False,
CG_00322,False,,,,,False,
CG_00352,False,,,,,False,
CG_00351,True,inside_polygon_buffer,인천송명초등학교,학교,7.1,True,
CG_00323,False,,,,,False,
CG_00300,False,,,,,False,
CG_00365,False,,,,,False,
CG_00393,False,,,,,False,
CG_00392,False,,,,,False,
CG_00366,False,,,,,False,
CG_01567,False,,,,,False,
CG_01544,False,,,,,False,
CG_01566,False,,,,,False,
CG_00415,False,,,,,False,
CG_00695,False,,,,,False,
CG_00652,False,,,,,False,
CG_00654,True,inside_polygon,한국폴리텍대학 남인천캠퍼스,대학/전문대,0.0,True,
CG_00733,False,,,,,False,
CG_00734,False,,,,,False,
CG_00735,False,,,,,False,
CG_00694,False,,,,,False,
CG_00467,False,,,,,False,
CG_00441,False,,,,,False,
CG_00444,False,,,,,False,
CG_00443,False,,,,,False,
CG_00431,False,,,,,False,
CG_00416,False,,,,,False,
CG_00776,False,,,,,False,
CG_00775,False,,,,,False,
CG_00442,False,,,,,False,
CG_00433,False,,,,,False,
CG_00432,False,,,,,False,
CG_00434,False,,,,,False,
CG_00468,False,,,,,False,
CG_00506,False,,,,,False,
CG_00470,False,,,,,False,
CG_00469,False,,,,,False,
CG_00653,False,,,,,False,
CG_00736,False,,,,,False,
CG_00693,False,,,,,False,
CG_00696,False,,,,,False,
CG_01512,False,,,,,False,
CG_01402,False,,,,,False,
CG_01442,False,,,,,False,
CG_01441,False,,,,,False,
CG_01480,False,,,,,False,
CG_01479,False,,,,,False,
CG_01198,False,,,,,False,
CG_01224,True,inside_polygon_buffer,경인교육대학교 인천캠퍼스,대학/전문대,12.3,True,
CG_01265,False,,,,,False,
CG_01174,False,,,,,False,
CG_01173,False,,,,,False,
CG_01172,False,,,,,False,
CG_01139,False,,,,,False,
CG_01136,False,,,,,False,
CG_01138,False,,,,,False,
CG_01137,False,,,,,False,
CG_01134,False,,,,,False,
CG_01133,False,,,,,False,
CG_01135,False,,,,,False,
CG_01053,False,,,,,False,
CG_01092,False,,,,,False,
CG_01091,False,,,,,False,
CG_01090,False,,,,,False,
CG_01089,False,,,,,False,
CG_01088,False,,,,,False,
CG_01095,False,,,,,False,
CG_01093,False,,,,,False,
CG_01094,True,inside_polygon,인천한별초등학교,학교,0.0,True,
CG_00116,False,,,,,False,
CG_00117,False,,,,,False,
CG_00114,False,,,,,False,
CG_00115,True,inside_polygon,인천혜원초등학교,학교,0.0,True,
CG_00090,False,,,,,False,
CG_00092,False,,,,,False,
CG_00091,False,,,,,False,
CG_00134,False,,,,,False,
CG_00133,True,inside_polygon_buffer,인천혜원중학교,학교,7.0,True,
CG_00132,False,,,,,False,
CG_00102,False,,,,,False,
CG_00103,False,,,,,False,
CG_00100,False,,,,,False,
CG_00101,False,,,,,False,
CG_00267,False,,,,,False,
CG_00283,False,,,,,False,
CG_00296,False,,,,,False,
CG_00247,False,,,,,False,
CG_00246,False,,,,,False,
CG_00224,False,,,,,False,
CG_00225,False,,,,,False,
CG_00236,False,,,,,False,
CG_00211,False,,,,,False,
CG_00235,False,,,,,False,
CG_00210,False,,,,,False,
CG_00209,False,,,,,False,
CG_00171,False,,,,,False,
CG_00191,False,,,,,False,
CG_00190,False,,,,,False,
CG_00170,False,,,,,False,
CG_00189,False,,,,,False,
CG_01646,False,,,,,False,
CG_01647,False,,,,,False,
CG_01659,False,,,,,False,
CG_01658,False,,,,,False,
CG_01657,False,,,,,False,
CG_01656,False,,,,,False,
CG_01654,False,,,,,False,
CG_01655,False,,,,,False,
CG_01633,False,,,,,False,
CG_01632,False,,,,,False,
CG_01631,False,,,,,False,
CG_01645,True,inside_polygon,서창초등학교,학교,0.0,True,
CG_01644,True,inside_polygon,서창중학교,학교,0.0,True,
CG_01653,False,,,,,False,
CG_00852,False,,,,,False,
CG_00851,False,,,,,False,
CG_00868,False,,,,,False,
CG_01374,False,,,,,False,
CG_01375,False,,,,,False,
CG_01372,False,,,,,False,
CG_01486,False,,,,,False,
CG_01342,False,,,,,False,
CG_01373,True,inside_polygon,논현고등학교,학교,0.0,True,
CG_01448,False,,,,,False,
CG_01409,False,,,,,False,
CG_01408,False,,,,,False,
CG_01449,False,,,,,False,
CG_00795,False,,,,,False,
CG_00066,False,,,,,False,
CG_00072,False,,,,,False,
CG_00464,False,,,,,False,
CG_00541,False,,,,,False,
CG_00546,True,inside_polygon_buffer,인천뷰티예술고등학교,학교,6.1,True,
CG_00596,False,,,,,False,
CG_00542,False,,,,,False,
CG_00597,False,,,,,False,
CG_00547,False,,,,,False,
CG_00722,False,,,,,False,
CG_00723,False,,,,,False,
CG_00591,True,inside_polygon,마전초등학교,학교,0.0,True,
CG_00590,False,,,,,False,
CG_00638,False,,,,,False,
CG_00639,False,,,,,False,
CG_00720,False,,,,,False,
CG_00592,False,,,,,False,
CG_00682,False,,,,,False,
CG_00073,False,,,,,False,
CG_00501,False,,,,,False,
CG_00764,False,,,,,False,
CG_00762,False,,,,,False,
CG_00763,False,,,,,False,
CG_00500,False,,,,,False,
CG_00065,True,inside_polygon_buffer,인천미송초등학교,학교,9.8,True,
CG_00509,False,,,,,False,
CG_00471,False,,,,,False,
CG_00445,False,,,,,False,
CG_00446,False,,,,,False,
CG_00472,False,,,,,False,
CG_00510,False,,,,,False,
CG_00558,False,,,,,False,
CG_00473,False,,,,,False,
CG_00511,False,,,,,False,
CG_00560,False,,,,,False,
CG_00559,False,,,,,False,
CG_01260,False,,,,,False,
CG_01361,False,,,,,False,
CG_01362,False,,,,,False,
CG_01329,False,,,,,False,
CG_01327,False,,,,,False,
CG_01297,False,,,,,False,
CG_01328,False,,,,,False,
CG_01363,False,,,,,False,
CG_01360,False,,,,,False,
CG_01359,False,,,,,False,
CG_01298,False,,,,,False,
CG_01397,False,,,,,False,
CG_01396,False,,,,,False,
CG_00304,False,,,,,False,
CG_00328,False,,,,,False,
CG_00385,False,,,,,False,
CG_00325,False,,,,,False,
CG_00326,False,,,,,False,
CG_00327,False,,,,,False,
CG_00305,False,,,,,False,
CG_00302,False,,,,,False,
CG_00303,False,,,,,False,
CG_00357,False,,,,,False,
CG_00384,False,,,,,False,
CG_00356,False,,,,,False,
CG_00355,False,,,,,False,
CG_00354,False,,,,,False,
CG_00118,False,,,,,False,
CG_00120,False,,,,,False,
CG_00119,False,,,,,False,
CG_00154,False,,,,,False,
CG_00153,False,,,,,False,
CG_00138,False,,,,,False,
CG_00139,False,,,,,False,
CG_00137,True,inside_polygon_buffer,국제학교,학교,9.7,True,
CG_01612,False,,,,,False,
CG_01593,False,,,,,False,
CG_01594,False,,,,,False,
CG_01572,False,,,,,False,
CG_01595,False,,,,,False,
CG_01642,False,,,,,False,
CG_01643,False,,,,,False,
CG_01630,False,,,,,False,
CG_01610,False,,,,,False,
CG_01628,False,,,,,False,
CG_01629,False,,,,,False,
CG_01611,True,inside_polygon,장서초등학교,학교,0.0,True,
CG_00028,False,,,,,False,
CG_00037,True,inside_polygon_buffer,인천하늘초등학교,학교,2.5,True,
CG_00036,False,,,,,False,
CG_00035,False,,,,,False,
CG_00040,False,,,,,False,
CG_00041,False,,,,,False,
CG_00039,False,,,,,False,
CG_00029,False,,,,,False,
CG_00038,False,,,,,False,
CG_00033,False,,,,,False,
CG_00032,False,,,,,False,
CG_00034,False,,,,,False,
CG_01072,False,,,,,False,
CG_01039,False,,,,,False,
CG_01038,True,inside_polygon_buffer,백운초등학교,학교,9.0,True,
CG_01071,False,,,,,False,
CG_00702,False,,,,,False,
CG_00742,False,,,,,False,
CG_00746,False,,,,,False,
CG_00706,False,,,,,False,
CG_00343,False,,,,,False,
CG_00421,False,,,,,False,
CG_00342,True,inside_polygon_buffer,인천남중학교,학교,9.2,True,
CG_00376,False,,,,,False,
CG_00403,False,,,,,False,
CG_00402,False,,,,,False,
CG_00422,False,,,,,False,
CG_00375,False,,,,,False,
CG_00777,False,,,,,False,
CG_00094,False,,,,,False,
CG_00809,False,,,,,False,
CG_00831,False,,,,,False,
CG_00093,False,,,,,False,
CG_00807,False,,,,,False,
CG_00808,False,,,,,False,
CG_00516,False,,,,,False,
CG_00564,False,,,,,False,
CG_00106,False,,,,,False,
CG_00565,False,,,,,False,
CG_00104,False,,,,,False,
CG_00122,False,,,,,False,
CG_00123,False,,,,,False,
CG_00121,False,,,,,False,
CG_00105,False,,,,,False,
CG_00832,False,,,,,False,
CG_00477,False,,,,,False,
CG_00830,True,inside_polygon,제물포중학교,학교,0.0,True,
CG_00778,False,,,,,False,
CG_00848,False,,,,,False,
CG_00846,False,,,,,False,
CG_00847,False,,,,,False,
CG_00124,False,,,,,False,
CG_00515,False,,,,,False,
CG_01516,False,,,,,False,
CG_01517,False,,,,,False,
CG_01370,False,,,,,False,
CG_01339,False,,,,,False,
CG_01368,False,,,,,False,
CG_01369,False,,,,,False,
CG_01371,False,,,,,False,
CG_01405,False,,,,,False,
CG_01403,False,,,,,False,
CG_01338,False,,,,,False,
CG_01404,False,,,,,False,
CG_00788,False,,,,,False,
CG_00757,False,,,,,False,
CG_00756,False,,,,,False,
CG_00812,False,,,,,False,
CG_00789,False,,,,,False,
CG_00813,False,,,,,False,
CG_00867,False,,,,,False,
CG_00836,False,,,,,False,
CG_00866,False,,,,,False,
CG_00849,False,,,,,False,
CG_00850,False,,,,,False,
CG_00819,False,,,,,False,
CG_00837,False,,,,,False,
CG_00838,False,,,,,False,
CG_00739,False,,,,,False,
CG_00738,False,,,,,False,
CG_00740,False,,,,,False,
CG_00737,False,,,,,False,
CG_00657,False,,,,,False,
CG_00700,False,,,,,False,
CG_00655,False,,,,,False,
CG_00656,False,,,,,False,
CG_00698,False,,,,,False,
CG_00697,False,,,,,False,
CG_00699,False,,,,,False,
CG_00999,False,,,,,False,
CG_00998,False,,,,,False,
CG_01156,False,,,,,False,
CG_01157,False,,,,,False,
CG_01160,False,,,,,False,
CG_01159,False,,,,,False,
CG_01116,False,,,,,False,
CG_01158,False,,,,,False,
CG_01115,False,,,,,False,
CG_00479,False,,,,,False,
CG_00615,False,,,,,False,
CG_00659,False,,,,,False,
CG_00569,False,,,,,False,
CG_00520,False,,,,,False,
CG_00570,False,,,,,False,
CG_00614,False,,,,,False,
CG_00480,False,,,,,False,
CG_00129,False,,,,,False,
CG_00095,False,,,,,False,
CG_00112,False,,,,,False,
CG_00143,False,,,,,False,
CG_00113,False,,,,,False,
CG_00131,False,,,,,False,
CG_00128,False,,,,,False,
CG_00146,False,,,,,False,
CG_00145,False,,,,,False,
CG_00144,False,,,,,False,
CG_00130,False,,,,,False,
CG_00111,False,,,,,False,
CG_00110,False,,,,,False,
CG_00096,False,,,,,False,
CG_00160,False,,,,,False,
CG_00240,False,,,,,False,
CG_01235,False,,,,,False,
CG_01335,False,,,,,False,
CG_01309,False,,,,,False,
CG_01308,False,,,,,False,
CG_01336,False,,,,,False,
CG_01276,False,,,,,False,
CG_01275,False,,,,,False,
CG_01307,False,,,,,False,
CG_01274,True,inside_polygon,인천사리울 중학교,학교,0.0,True,
CG_01488,False,,,,,False,
CG_01518,False,,,,,False,
CG_01519,False,,,,,False,
CG_00481,False,,,,,False,
CG_00451,False,,,,,False,
CG_00450,False,,,,,False,
CG_01617,False,,,,,False,
CG_01616,False,,,,,False,
CG_01483,False,,,,,False,
CG_01546,False,,,,,False,
CG_01547,False,,,,,False,
CG_01444,False,,,,,False,
CG_01443,False,,,,,False,
CG_01515,False,,,,,False,
CG_01618,False,,,,,False,
CG_01445,False,,,,,False,
CG_01545,False,,,,,False,
CG_01584,False,,,,,False,
CG_01571,False,,,,,False,
CG_01583,False,,,,,False,
CG_01600,True,inside_polygon,인천신대초등학교,학교,0.0,True,
CG_01601,True,inside_polygon_buffer,계양고등학교,학교,4.3,True,
CG_01481,False,,,,,False,
CG_01482,False,,,,,False,
CG_01514,True,within_point_radius,인천계양초등학교,초등학교,49.9,False,50m_school
CG_01513,False,,,,,False,
CG_01570,False,,,,,False,
CG_00310,False,,,,,False,
CG_00363,False,,,,,False,
CG_00333,False,,,,,False,
CG_00364,False,,,,,False,
CG_00391,False,,,,,False,
CG_01132,False,,,,,False,
CG_00920,False,,,,,False,
CG_01171,False,,,,,False,
CG_00955,False,,,,,False,
CG_01087,False,,,,,False,
CG_00922,False,,,,,False,
CG_00985,False,,,,,False,
CG_00921,False,,,,,False,
CG_01018,False,,,,,False,
CG_01086,False,,,,,False,
CG_00954,False,,,,,False,
CG_00986,False,,,,,False,
CG_00953,False,,,,,False,
CG_01170,True,inside_polygon_buffer,경인교육대학교부설초등학교,학교,0.9,True,
CG_00987,False,,,,,False,
CG_01131,False,,,,,False,
CG_00918,False,,,,,False,
CG_00947,False,,,,,False,
CG_00917,False,,,,,False,
CG_00916,False,,,,,False,
CG_00125,False,,,,,False,
CG_00126,True,inside_polygon_buffer,신선초등학교,학교,2.6,True,
CG_00127,False,,,,,False,
CG_00108,False,,,,,False,
CG_00142,True,inside_polygon_buffer,신흥여자중학교,학교,3.0,True,
CG_00141,False,,,,,False,
CG_00140,False,,,,,False,
CG_00155,False,,,,,False,
CG_00156,False,,,,,False,
CG_00107,False,,,,,False,
CG_00109,False,,,,,False,
CG_01273,False,,,,,False,
CG_01272,False,,,,,False,
CG_01230,False,,,,,False,
CG_00674,False,,,,,False,
CG_00581,False,,,,,False,
CG_00672,False,,,,,False,
CG_00673,True,inside_polygon_buffer,서인천고등학교,학교,7.3,True,
CG_00582,False,,,,,False,
CG_00627,False,,,,,False,
CG_00626,False,,,,,False,
CG_00629,False,,,,,False,
CG_00628,False,,,,,False,
CG_00671,False,,,,,False,
CG_00584,False,,,,,False,
CG_00583,False,,,,,False,
CG_00718,False,,,,,False,
CG_00719,False,,,,,False,
CG_00353,False,,,,,False,
CG_00382,False,,,,,False,
CG_00383,False,,,,,False,
CG_01490,False,,,,,False,
CG_01489,False,,,,,False,
CG_00301,False,,,,,False,
CG_01450,False,,,,,False,
CG_00204,False,,,,,False,
CG_01021,False,,,,,False,
CG_01019,True,inside_polygon_buffer,nan,학교,8.3,True,
CG_01020,False,,,,,False,
CG_00989,False,,,,,False,
CG_00988,False,,,,,False,
CG_01451,False,,,,,False,
CG_00226,False,,,,,False,
CG_00227,False,,,,,False,
CG_00203,True,inside_polygon,경명초등학교,학교,0.0,True,
CG_00990,False,,,,,False,
CG_00991,False,,,,,False,
CG_00086,False,,,,,False,
CG_00080,False,,,,,False,
CG_00074,False,,,,,False,
CG_01551,False,,,,,False,
CG_01523,False,,,,,False,
CG_00085,False,,,,,False,
CG_00084,False,,,,,False,
CG_01522,True,inside_polygon_buffer,인수초등학교,학교,2.1,True,
CG_00075,False,,,,,False,
CG_00076,False,,,,,False,
CG_00078,True,inside_polygon,nan,학교,0.0,True,
CG_00079,False,,,,,False,
CG_00833,False,,,,,False,
CG_00834,False,,,,,False,
CG_00835,False,,,,,False,
CG_00794,False,,,,,False,
CG_00816,False,,,,,False,
CG_00792,False,,,,,False,
CG_00761,False,,,,,False,
CG_00760,False,,,,,False,
CG_00817,False,,,,,False,
CG_00818,False,,,,,False,
CG_00793,False,,,,,False,
CG_00321,False,,,,,False,
CG_00347,False,,,,,False,
CG_01301,False,,,,,False,
CG_01226,False,,,,,False,
CG_00404,True,inside_polygon,검단중학교,학교,0.0,True,
CG_01267,False,,,,,False,
CG_01266,True,inside_polygon,경인교육대학교 인천캠퍼스,대학/전문대,0.0,True,
CG_00380,False,,,,,False,
CG_01225,True,inside_polygon,경인교육대학교 인천캠퍼스,대학/전문대,0.0,True,
CG_00381,False,,,,,False,
CG_00298,False,,,,,False,
CG_00318,True,inside_polygon,왕길초등학교;인천왕길초등학교,학교,0.0,True,
CG_00350,False,,,,,False,
CG_00320,False,,,,,False,
CG_00349,False,,,,,False,
CG_00348,False,,,,,False,
CG_00297,False,,,,,False,
CG_00299,False,,,,,False,
CG_00319,False,,,,,False,
CG_00540,False,,,,,False,
CG_00538,False,,,,,False,
CG_00587,False,,,,,False,
CG_00589,False,,,,,False,
CG_00539,True,inside_polygon,당하중학교,학교,0.0,True,
CG_00634,False,,,,,False,
CG_01663,False,,,,,False,
CG_01664,False,,,,,False,
CG_01662,False,,,,,False,
CG_01665,False,,,,,False,
CG_01661,False,,,,,False,
CG_01660,False,,,,,False,
CG_00714,False,,,,,False,
CG_00753,False,,,,,False,
CG_00754,False,,,,,False,
CG_00786,False,,,,,False,
CG_00810,False,,,,,False,
CG_00787,True,inside_polygon,심곡초등학교,학교,0.0,True,
CG_00811,False,,,,,False,
CG_00713,False,,,,,False,
CG_00755,False,,,,,False,
CG_00715,False,,,,,False,
CG_01229,False,,,,,False,
CG_01334,True,inside_polygon,경인여자대학교,대학/전문대,0.0,True,
CG_01270,False,,,,,False,
CG_01306,True,inside_polygon,경인여자대학교SG캠퍼스(예정),대학/전문대,0.0,True,
CG_01227,False,,,,,False,
CG_01271,False,,,,,False,
CG_01228,False,,,,,False,
CG_00958,False,,,,,False,
CG_00926,False,,,,,False,
CG_00959,False,,,,,False,
CG_00925,False,,,,,False,
CG_00923,False,,,,,False,
CG_00924,False,,,,,False,
CG_00992,False,,,,,False,
CG_00994,False,,,,,False,
CG_00957,False,,,,,False,
CG_00956,False,,,,,False,
CG_00993,False,,,,,False,
CG_00429,False,,,,,False,
CG_00410,False,,,,,False,
CG_00411,False,,,,,False,
CG_00337,False,,,,,False,
CG_00440,False,,,,,False,
CG_00430,False,,,,,False,
CG_00367,False,,,,,False,
CG_00412,False,,,,,False,
CG_00394,False,,,,,False,
CG_01590,True,inside_polygon,인천예일중학교,학교,0.0,True,
CG_01607,False,,,,,False,
CG_01622,False,,,,,False,
CG_00533,False,,,,,False,
CG_01625,False,,,,,False,
CG_01641,False,,,,,False,
CG_01652,False,,,,,False,
CG_01626,False,,,,,False,
CG_01627,False,,,,,False,
CG_01651,False,,,,,False,
CG_01650,False,,,,,False,
CG_01639,False,,,,,False,
CG_01640,True,inside_polygon,인천귤현초등학교,학교,0.0,True,
CG_01240,False,,,,,False,
CG_01207,False,,,,,False,
CG_01241,False,,,,,False,
CG_01239,False,,,,,False,
CG_01101,False,,,,,False,
CG_01208,False,,,,,False,
CG_01206,False,,,,,False,
CG_01205,False,,,,,False,
CG_01145,False,,,,,False,
CG_01144,False,,,,,False,
CG_01146,False,,,,,False,
CG_01182,False,,,,,False,
CG_01181,False,,,,,False,
CG_01180,False,,,,,False,
CG_01147,False,,,,,False,
CG_01183,False,,,,,False,
CG_01099,False,,,,,False,
CG_01100,False,,,,,False,
CG_00931,True,inside_polygon,인명여자고등학교,학교,0.0,True,
CG_00965,False,,,,,False,
CG_00874,False,,,,,False,
CG_00932,False,,,,,False,
CG_00964,False,,,,,False,
CG_00896,True,inside_polygon,승학초등학교,학교,0.0,True,
CG_00897,False,,,,,False,
CG_00873,False,,,,,False,
CG_01549,False,,,,,False,
CG_01521,True,inside_polygon,건설기술교육원,학교,0.0,True,
CG_01574,False,,,,,False,
CG_01573,False,,,,,False,
CG_01548,False,,,,,False,
CG_01520,True,inside_polygon_buffer,건설기술교육원,학교,1.8,True,
CG_00413,True,inside_polygon_buffer,인하공업전문대학,대학/전문대,11.9,True,
CG_00396,True,inside_polygon,인하공업전문대학,대학/전문대,0.0,True,
CG_00395,True,inside_polygon,인하공업전문대학,대학/전문대,0.0,True,
CG_00397,False,,,,,False,
CG_00369,True,inside_polygon,인하대학교,대학/전문대,0.0,True,
CG_00370,True,inside_polygon,인하대학교,대학/전문대,0.0,True,
CG_00368,True,inside_polygon_buffer,인하공업전문대학,대학/전문대,4.3,True,
CG_00544,False,,,,,False,
CG_00593,False,,,,,False,
CG_00497,False,,,,,False,
CG_00543,False,,,,,False,
CG_00462,False,,,,,False,
CG_00463,True,inside_polygon,마전고등학교,학교,0.0,True,
CG_00641,False,,,,,False,
CG_00594,False,,,,,False,
CG_00595,False,,,,,False,
CG_00640,False,,,,,False,
CG_00498,False,,,,,False,
CG_00499,False,,,,,False,
CG_00545,False,,,,,False,
CG_00379,False,,,,,False,
CG_00345,False,,,,,False,
CG_00377,False,,,,,False,
CG_00378,False,,,,,False,
CG_00316,True,within_point_radius,인천경서초등학교,초등학교,24.6,False,50m_school
CG_00317,False,,,,,False,
CG_00344,False,,,,,False,
CG_00315,False,,,,,False,
CG_00346,False,,,,,False,
CG_00780,False,,,,,False,
CG_00779,False,,,,,False,
CG_00745,False,,,,,False,
CG_00743,False,,,,,False,
CG_00744,True,inside_polygon_buffer,인천석남초등학교,학교,2.6,True,
CG_00704,False,,,,,False,
CG_00705,False,,,,,False,
CG_00703,False,,,,,False,
CG_00661,False,,,,,False,
CG_00662,False,,,,,False,
CG_00663,False,,,,,False,
CG_00013,False,,,,,False,
CG_00011,False,,,,,False,
CG_00010,False,,,,,False,
CG_00009,False,,,,,False,
CG_00008,False,,,,,False,
CG_00014,True,inside_polygon,인천삼목초등학교,학교,0.0,True,
CG_00012,False,,,,,False,
CG_00015,False,,,,,False,
CG_01023,False,,,,,False,
CG_01024,False,,,,,False,
CG_01022,False,,,,,False,
CG_01025,False,,,,,False,
CG_01054,False,,,,,False,
CG_01143,True,inside_polygon_buffer,논곡중학교,학교,9.0,True,
CG_01179,False,,,,,False,
CG_01056,False,,,,,False,
CG_01098,False,,,,,False,
CG_01141,False,,,,,False,
CG_01140,True,inside_polygon,인천금융고등학교,학교,0.0,True,
CG_01142,False,,,,,False,
CG_01178,False,,,,,False,
CG_01096,False,,,,,False,
CG_01097,True,within_point_radius,인천논곡초등학교,초등학교,47.1,False,50m_school
CG_01055,False,,,,,False,
CG_00741,False,,,,,False,
CG_00708,False,,,,,False,
CG_00660,False,,,,,False,
CG_00707,False,,,,,False,
CG_00782,False,,,,,False,
CG_00781,False,,,,,False,
CG_00747,False,,,,,False,
CG_00748,False,,,,,False,
CG_00701,False,,,,,False,
CG_00783,False,,,,,False,
CG_01621,False,,,,,False,
CG_01619,False,,,,,False,
CG_01620,True,inside_polygon,인천양촌중학교,학교,0.0,True,
CG_01606,False,,,,,False,
CG_01569,False,,,,,False,
CG_01589,False,,,,,False,
CG_00871,True,inside_polygon_buffer,인천 연수초등학교,학교,1.5,True,
CG_00872,False,,,,,False,
CG_00870,False,,,,,False,
CG_00254,False,,,,,False,
CG_00255,False,,,,,False,
CG_00272,True,inside_polygon,신정중학교,학교,0.0,True,
CG_00288,False,,,,,False,
CG_00895,False,,,,,False,
CG_00894,False,,,,,False,
CG_00273,False,,,,,False,
CG_00853,False,,,,,False,
CG_00307,False,,,,,False,
CG_00306,False,,,,,False,
CG_00052,False,,,,,False,
CG_00060,False,,,,,False,
CG_00057,False,,,,,False,
CG_00058,True,within_point_radius,인천송빛초등학교,초등학교,25.1,False,50m_school
CG_00068,False,,,,,False,
CG_00069,False,,,,,False,
CG_00059,False,,,,,False,
CG_00067,False,,,,,False,
CG_00717,False,,,,,False,
CG_00758,False,,,,,False,
CG_00759,False,,,,,False,
CG_00814,False,,,,,False,
CG_00790,False,,,,,False,
CG_00791,False,,,,,False,
CG_00815,False,,,,,False,
CG_00716,False,,,,,False,
CG_00205,False,,,,,False,
CG_00208,False,,,,,False,
CG_00231,False,,,,,False,
CG_00185,False,,,,,False,
CG_00228,False,,,,,False,
CG_01649,False,,,,,False,
CG_00229,False,,,,,False,
CG_01613,False,,,,,False,
CG_00249,False,,,,,False,
CG_00248,False,,,,,False,
CG_00206,False,,,,,False,
CG_00184,False,,,,,False,
CG_00186,False,,,,,False,
CG_00230,False,,,,,False,
CG_00207,False,,,,,False,
CG_01648,False,,,,,False,
CG_01634,False,,,,,False,
CG_00669,False,,,,,False,
CG_00625,False,,,,,False,
CG_00579,False,,,,,False,
CG_00578,False,,,,,False,
CG_00624,False,,,,,False,
CG_00670,False,,,,,False,
CG_00580,False,,,,,False,
CG_00496,False,,,,,False,
CG_00537,False,,,,,False,
CG_00531,False,,,,,False,
CG_00532,False,,,,,False,
CG_00492,False,,,,,False,
CG_00495,False,,,,,False,
CG_00460,False,,,,,False,
CG_00461,False,,,,,False,
CG_00494,False,,,,,False,
CG_00535,True,within_point_radius,인천서곶초등학교,초등학교,42.3,False,50m_school
CG_00534,False,,,,,False,
CG_00536,False,,,,,False,
CG_00493,False,,,,,False,
CG_00623,False,,,,,False,
CG_00089,False,,,,,False,
CG_00087,False,,,,,False,
CG_00081,False,,,,,False,
CG_00082,False,,,,,False,
CG_00088,False,,,,,False,
CG_00098,False,,,,,False,
CG_00097,True,inside_polygon,제물포고등학교,학교,0.0,True,
CG_00099,False,,,,,False,
CG_00083,False,,,,,False,
CG_00890,False,,,,,False,
CG_00893,False,,,,,False,
CG_00892,False,,,,,False,
CG_00891,False,,,,,False,
CG_00676,False,,,,,False,
CG_00677,False,,,,,False,
CG_00633,False,,,,,False,
CG_00586,False,,,,,False,
CG_00865,False,,,,,False,
CG_00631,True,inside_polygon_buffer,인천한들초등학교,학교,1.5,True,
CG_00678,False,,,,,False,
CG_00995,False,,,,,False,
CG_00996,False,,,,,False,
CG_00962,False,,,,,False,
CG_00963,False,,,,,False,
CG_00927,False,,,,,False,
CG_00632,True,inside_polygon,한국주얼리고등학교,학교,0.0,True,
CG_00675,False,,,,,False,
CG_00930,True,inside_polygon,인천불로중학교,학교,0.0,True,
CG_00961,False,,,,,False,
CG_00960,False,,,,,False,
CG_00928,False,,,,,False,
CG_00929,False,,,,,False,
CG_00630,False,,,,,False,
CG_00585,False,,,,,False,
CG_00864,True,inside_polygon,원당초등학교,학교,0.0,True,
CG_00863,False,,,,,False,
CG_00869,False,,,,,False,
CG_01608,False,,,,,False,
CG_01592,False,,,,,False,
CG_01637,False,,,,,False,
CG_01609,False,,,,,False,
CG_01591,False,,,,,False,
CG_01624,False,,,,,False,
CG_01623,False,,,,,False,
CG_01638,False,,,,,False,
CG_00427,False,,,,,False,
CG_00428,False,,,,,False,
CG_00409,False,,,,,False,
CG_00407,False,,,,,False,
CG_00361,False,,,,,False,
CG_00389,False,,,,,False,
CG_00390,False,,,,,False,
CG_00386,False,,,,,False,
CG_00387,False,,,,,False,
CG_00425,False,,,,,False,
CG_00358,False,,,,,False,
CG_00359,False,,,,,False,
CG_00360,False,,,,,False,
CG_00329,False,,,,,False,
CG_00330,False,,,,,False,
CG_00331,False,,,,,False,
CG_00308,False,,,,,False,
CG_00332,False,,,,,False,
CG_00388,False,,,,,False,
CG_00362,False,,,,,False,
CG_00309,False,,,,,False,
CG_00408,False,,,,,False,
CG_00426,False,,,,,False,
CG_00406,False,,,,,False,
CG_00405,False,,,,,False,
CG_00862,False,,,,,False,
CG_00915,False,,,,,False,
CG_00889,False,,,,,False,
CG_00914,False,,,,,False,
CG_00946,False,,,,,False,
CG_00861,False,,,,,False,
CG_00888,True,inside_polygon_buffer,세일고등학교 / 한일초등학교,학교,0.9,True,
CG_00913,True,inside_polygon,명신여고 / 인천외고,학교,0.0,True,
CG_00055,False,,,,,False,
CG_00056,False,,,,,False,
CG_00048,False,,,,,False,
CG_00049,False,,,,,False,
CG_00051,False,,,,,False,
CG_00050,True,inside_polygon,연안초등학교,학교,0.0,True,
CG_00042,False,,,,,False,
CG_00043,False,,,,,False,
CG_00046,False,,,,,False,
CG_00045,False,,,,,False,
CG_00044,False,,,,,False,
CG_00047,False,,,,,False,
CG_00001,False,,,,,False,
CG_00000,False,,,,,False,
CG_00006,False,,,,,False,
CG_00003,False,,,,,False,
CG_00002,False,,,,,False,
CG_00005,False,,,,,False,
CG_00004,False,,,,,False,
CG_00007,False,,,,,False,
