학교ID,학교명,green_ratio_display_guardrail,green_ratio_display_guardrail_basis,green_ratio_display_guardrail_note,display_walk_zone_source,display_walk_area_m2,display_uncapped_green_area_m2,display_capped_green_area_m2,display_intersecting_park_count,display_capped_oversized_park_count,display_capped_oversized_park_names,operational_iso_green_ratio,operational_corrected_green_ratio,display_delta_vs_operational_pp
B000003024,인천갈월초등학교,12.91247,valhalla_walk_park_proxy_cap_30000m2,지도 표시용 도보권 기준으로 녹지비율을 재산정했습니다. 대형 공원은 점 좌표+면적 원형 프록시가 생활권을 과대 덮을 수 있어 공원별 기여면적 상한을 적용했습니다. 기존 운영 iso_green_ratio와 Case는 변경하지 않습니다.,valhalla_walk,473798.5075,52122.5571,61179.0882,8,0,,15.16886709955408,11.878,1.03447
B000003057,인천청량초등학교,1.983622,apt_adjusted_walk_park_proxy_cap_30000m2,지도 표시용 도보권 기준으로 녹지비율을 재산정했습니다. 대형 공원은 점 좌표+면적 원형 프록시가 생활권을 과대 덮을 수 있어 공원별 기여면적 상한을 적용했습니다. 기존 운영 iso_green_ratio와 Case는 변경하지 않습니다.,apt_adjusted_walk,465542.718,9234.6075,9234.6075,5,0,,3.23391646727188,1.983622,-0.0
B000025246,인천미송초등학교,0.0,valhalla_walk_park_proxy_cap_30000m2,지도 표시용 도보권 기준으로 녹지비율을 재산정했습니다. 대형 공원은 점 좌표+면적 원형 프록시가 생활권을 과대 덮을 수 있어 공원별 기여면적 상한을 적용했습니다. 기존 운영 iso_green_ratio와 Case는 변경하지 않습니다.,valhalla_walk,182104.7513,0.0,0.0,0,0,,6.7263,6.7263,-6.7263
B000026469,인천한별초등학교,9.343639,apt_adjusted_walk_park_proxy_cap_30000m2,지도 표시용 도보권 기준으로 녹지비율을 재산정했습니다. 대형 공원은 점 좌표+면적 원형 프록시가 생활권을 과대 덮을 수 있어 공원별 기여면적 상한을 적용했습니다. 기존 운영 iso_green_ratio와 Case는 변경하지 않습니다.,apt_adjusted_walk,383603.4184,35489.6281,35842.5179,3,0,,13.585837863351928,9.251645,0.091994
B000026466,인천아라초등학교,10.697376,valhalla_walk_park_proxy_cap_30000m2,지도 표시용 도보권 기준으로 녹지비율을 재산정했습니다. 대형 공원은 점 좌표+면적 원형 프록시가 생활권을 과대 덮을 수 있어 공원별 기여면적 상한을 적용했습니다. 기존 운영 iso_green_ratio와 Case는 변경하지 않습니다.,valhalla_walk,99570.2503,10651.4038,10651.4038,1,0,,16.492091629952778,10.014984,0.682392
B000003178,갑룡초등학교,2.066377,valhalla_walk_park_proxy_cap_30000m2,지도 표시용 도보권 기준으로 녹지비율을 재산정했습니다. 대형 공원은 점 좌표+면적 원형 프록시가 생활권을 과대 덮을 수 있어 공원별 기여면적 상한을 적용했습니다. 기존 운영 iso_green_ratio와 Case는 변경하지 않습니다.,valhalla_walk,270951.2023,5598.8738,5598.8738,1,0,,0.0,0.0,2.066377
B000003098,인천논곡초등학교,10.452457,valhalla_walk_park_proxy_cap_30000m2,지도 표시용 도보권 기준으로 녹지비율을 재산정했습니다. 대형 공원은 점 좌표+면적 원형 프록시가 생활권을 과대 덮을 수 있어 공원별 기여면적 상한을 적용했습니다. 기존 운영 iso_green_ratio와 Case는 변경하지 않습니다.,valhalla_walk,418280.947,113646.5365,43720.6348,4,1,논현포대공원,28.73946185742727,26.6657,-16.213243
B000002959,인천영종초등학교,1.345141,valhalla_walk_park_proxy_cap_30000m2,지도 표시용 도보권 기준으로 녹지비율을 재산정했습니다. 대형 공원은 점 좌표+면적 원형 프록시가 생활권을 과대 덮을 수 있어 공원별 기여면적 상한을 적용했습니다. 기존 운영 iso_green_ratio와 Case는 변경하지 않습니다.,valhalla_walk,220742.7689,2969.3005,2969.3005,1,0,,7.1998,7.1998,-5.854659
B000025228,인천예송초등학교,1.615079,valhalla_walk_park_proxy_cap_30000m2,지도 표시용 도보권 기준으로 녹지비율을 재산정했습니다. 대형 공원은 점 좌표+면적 원형 프록시가 생활권을 과대 덮을 수 있어 공원별 기여면적 상한을 적용했습니다. 기존 운영 iso_green_ratio와 Case는 변경하지 않습니다.,valhalla_walk,342270.6086,5527.9423,5527.9423,2,0,,0.3306521723889056,0.646953,0.968126
B000003150,인천건지초등학교,1.927219,valhalla_walk_park_proxy_cap_30000m2,지도 표시용 도보권 기준으로 녹지비율을 재산정했습니다. 대형 공원은 점 좌표+면적 원형 프록시가 생활권을 과대 덮을 수 있어 공원별 기여면적 상한을 적용했습니다. 기존 운영 iso_green_ratio와 Case는 변경하지 않습니다.,valhalla_walk,413817.8559,7975.1744,7975.1744,1,0,,2.572535581541845,2.379617,-0.452398
B000025202,인천장아초등학교,17.182647,valhalla_walk_park_proxy_cap_30000m2,지도 표시용 도보권 기준으로 녹지비율을 재산정했습니다. 대형 공원은 점 좌표+면적 원형 프록시가 생활권을 과대 덮을 수 있어 공원별 기여면적 상한을 적용했습니다. 기존 운영 iso_green_ratio와 Case는 변경하지 않습니다.,valhalla_walk,189411.4832,126465.2218,32545.9057,2,1,장아산공원,78.56843296320991,56.934184,-39.751537
B000003013,인천영선초등학교,4.31435,valhalla_walk_park_proxy_cap_30000m2,지도 표시용 도보권 기준으로 녹지비율을 재산정했습니다. 대형 공원은 점 좌표+면적 원형 프록시가 생활권을 과대 덮을 수 있어 공원별 기여면적 상한을 적용했습니다. 기존 운영 iso_green_ratio와 Case는 변경하지 않습니다.,valhalla_walk,422685.1677,18236.1165,18236.1165,3,0,,1.762688543354465,1.343976,2.970374
B000003127,인천부현동초등학교,5.503238,valhalla_walk_park_proxy_cap_30000m2,지도 표시용 도보권 기준으로 녹지비율을 재산정했습니다. 대형 공원은 점 좌표+면적 원형 프록시가 생활권을 과대 덮을 수 있어 공원별 기여면적 상한을 적용했습니다. 기존 운영 iso_green_ratio와 Case는 변경하지 않습니다.,valhalla_walk,369605.3541,20340.2632,20340.2632,3,0,,7.178038737168505,5.988852,-0.485614
B000003012,인천후정초등학교,9.956224,valhalla_walk_park_proxy_cap_30000m2,지도 표시용 도보권 기준으로 녹지비율을 재산정했습니다. 대형 공원은 점 좌표+면적 원형 프록시가 생활권을 과대 덮을 수 있어 공원별 기여면적 상한을 적용했습니다. 기존 운영 iso_green_ratio와 Case는 변경하지 않습니다.,valhalla_walk,200982.3242,20010.2513,20010.2513,6,0,,1.7474424679514575,4.361719,5.594505
B000003007,인천부곡초등학교,0.462372,apt_adjusted_walk_park_proxy_cap_30000m2,지도 표시용 도보권 기준으로 녹지비율을 재산정했습니다. 대형 공원은 점 좌표+면적 원형 프록시가 생활권을 과대 덮을 수 있어 공원별 기여면적 상한을 적용했습니다. 기존 운영 iso_green_ratio와 Case는 변경하지 않습니다.,apt_adjusted_walk,269808.2608,1247.5192,1247.5192,1,0,,0.865276661289274,0.462372,0.0
B000027505,인천중산초등학교,28.365854,apt_adjusted_walk_park_proxy_cap_30000m2,지도 표시용 도보권 기준으로 녹지비율을 재산정했습니다. 대형 공원은 점 좌표+면적 원형 프록시가 생활권을 과대 덮을 수 있어 공원별 기여면적 상한을 적용했습니다. 기존 운영 iso_green_ratio와 Case는 변경하지 않습니다.,apt_adjusted_walk,357741.7312,239742.3604,101476.4954,7,3,박석공원,95.91580703521188,67.015486,-38.649632
B000024924,인천하늘초등학교,34.259086,apt_adjusted_walk_park_proxy_cap_30000m2,지도 표시용 도보권 기준으로 녹지비율을 재산정했습니다. 대형 공원은 점 좌표+면적 원형 프록시가 생활권을 과대 덮을 수 있어 공원별 기여면적 상한을 적용했습니다. 기존 운영 iso_green_ratio와 Case는 변경하지 않습니다.,apt_adjusted_walk,267255.135,56788.4612,91559.166,4,3,박석공원,51.5643785527667,21.248782,13.010304
B000003137,인천간재울초등학교,1.624046,valhalla_walk_park_proxy_cap_30000m2,지도 표시용 도보권 기준으로 녹지비율을 재산정했습니다. 대형 공원은 점 좌표+면적 원형 프록시가 생활권을 과대 덮을 수 있어 공원별 기여면적 상한을 적용했습니다. 기존 운영 iso_green_ratio와 Case는 변경하지 않습니다.,valhalla_walk,301076.2409,4889.6177,4889.6177,4,0,,2.114707252764681,2.007288,-0.383242
B000003148,인천가림초등학교,4.089723,valhalla_walk_park_proxy_cap_30000m2,지도 표시용 도보권 기준으로 녹지비율을 재산정했습니다. 대형 공원은 점 좌표+면적 원형 프록시가 생활권을 과대 덮을 수 있어 공원별 기여면적 상한을 적용했습니다. 기존 운영 iso_green_ratio와 Case는 변경하지 않습니다.,valhalla_walk,519449.2188,21244.0362,21244.0362,4,0,,2.679236836345154,2.431629,1.658094
B000003189,해명초등학교,0.0,valhalla_walk_park_proxy_cap_30000m2,지도 표시용 도보권 기준으로 녹지비율을 재산정했습니다. 대형 공원은 점 좌표+면적 원형 프록시가 생활권을 과대 덮을 수 있어 공원별 기여면적 상한을 적용했습니다. 기존 운영 iso_green_ratio와 Case는 변경하지 않습니다.,valhalla_walk,284047.7734,0.0,0.0,0,0,,18.932822258639675,18.932822,-18.932822
B000003113,인천화전초등학교,0.064573,valhalla_walk_park_proxy_cap_30000m2,지도 표시용 도보권 기준으로 녹지비율을 재산정했습니다. 대형 공원은 점 좌표+면적 원형 프록시가 생활권을 과대 덮을 수 있어 공원별 기여면적 상한을 적용했습니다. 기존 운영 iso_green_ratio와 Case는 변경하지 않습니다.,valhalla_walk,485739.7468,313.6548,313.6548,1,0,,0.0831746089557237,0.065873,-0.0013
B000003131,인천효성서초등학교,7.472857,valhalla_walk_park_proxy_cap_30000m2,지도 표시용 도보권 기준으로 녹지비율을 재산정했습니다. 대형 공원은 점 좌표+면적 원형 프록시가 생활권을 과대 덮을 수 있어 공원별 기여면적 상한을 적용했습니다. 기존 운영 iso_green_ratio와 Case는 변경하지 않습니다.,valhalla_walk,303090.9168,22649.5497,22649.5497,1,0,,5.37441028141196,13.90393,-6.431073
B000026155,인천한들초등학교,0.0,apt_adjusted_walk_park_proxy_cap_30000m2,지도 표시용 도보권 기준으로 녹지비율을 재산정했습니다. 대형 공원은 점 좌표+면적 원형 프록시가 생활권을 과대 덮을 수 있어 공원별 기여면적 상한을 적용했습니다. 기존 운영 iso_green_ratio와 Case는 변경하지 않습니다.,apt_adjusted_walk,262481.1883,0.0,0.0,0,0,,0.0,0.0,0.0
B000025248,인천은송초등학교,0.0,apt_adjusted_walk_park_proxy_cap_30000m2,지도 표시용 도보권 기준으로 녹지비율을 재산정했습니다. 대형 공원은 점 좌표+면적 원형 프록시가 생활권을 과대 덮을 수 있어 공원별 기여면적 상한을 적용했습니다. 기존 운영 iso_green_ratio와 Case는 변경하지 않습니다.,apt_adjusted_walk,286439.4397,0.0,0.0,0,0,,0.0,0.0,0.0
B000003095,인천구월초등학교,4.407189,valhalla_walk_park_proxy_cap_30000m2,지도 표시용 도보권 기준으로 녹지비율을 재산정했습니다. 대형 공원은 점 좌표+면적 원형 프록시가 생활권을 과대 덮을 수 있어 공원별 기여면적 상한을 적용했습니다. 기존 운영 iso_green_ratio와 Case는 변경하지 않습니다.,valhalla_walk,508918.2119,22428.9874,22428.9874,4,0,,5.211073810229021,5.554411,-1.147222
B000003140,인천초은초등학교,1.005925,apt_adjusted_walk_park_proxy_cap_30000m2,지도 표시용 도보권 기준으로 녹지비율을 재산정했습니다. 대형 공원은 점 좌표+면적 원형 프록시가 생활권을 과대 덮을 수 있어 공원별 기여면적 상한을 적용했습니다. 기존 운영 iso_green_ratio와 Case는 변경하지 않습니다.,apt_adjusted_walk,355556.4653,3576.6305,3576.6305,1,0,,1.7626402402574368,1.005925,-0.0
B000025189,인천송명초등학교,6.46141,valhalla_walk_park_proxy_cap_30000m2,지도 표시용 도보권 기준으로 녹지비율을 재산정했습니다. 대형 공원은 점 좌표+면적 원형 프록시가 생활권을 과대 덮을 수 있어 공원별 기여면적 상한을 적용했습니다. 기존 운영 iso_green_ratio와 Case는 변경하지 않습니다.,valhalla_walk,143559.943,9275.9959,9275.9959,3,0,,27.8507,27.8507,-21.38929
B000025677,인천주안초등학교,2.135025,valhalla_walk_park_proxy_cap_30000m2,지도 표시용 도보권 기준으로 녹지비율을 재산정했습니다. 대형 공원은 점 좌표+면적 원형 프록시가 생활권을 과대 덮을 수 있어 공원별 기여면적 상한을 적용했습니다. 기존 운영 iso_green_ratio와 Case는 변경하지 않습니다.,valhalla_walk,445184.377,9504.7974,9504.7974,2,0,,1.8002097779108457,2.934823,-0.799798
B000003164,인천가정초등학교,0.0,apt_adjusted_walk_park_proxy_cap_30000m2,지도 표시용 도보권 기준으로 녹지비율을 재산정했습니다. 대형 공원은 점 좌표+면적 원형 프록시가 생활권을 과대 덮을 수 있어 공원별 기여면적 상한을 적용했습니다. 기존 운영 iso_green_ratio와 Case는 변경하지 않습니다.,apt_adjusted_walk,279723.394,0.0,0.0,0,0,,0.0,0.0,0.0
B000003187,양사초등학교,0.0,apt_adjusted_walk_park_proxy_cap_30000m2,지도 표시용 도보권 기준으로 녹지비율을 재산정했습니다. 대형 공원은 점 좌표+면적 원형 프록시가 생활권을 과대 덮을 수 있어 공원별 기여면적 상한을 적용했습니다. 기존 운영 iso_green_ratio와 Case는 변경하지 않습니다.,apt_adjusted_walk,784137.1226,0.0,0.0,0,0,,0.0,0.0,0.0
B000003133,인천해원초등학교,1.302262,apt_adjusted_walk_park_proxy_cap_30000m2,지도 표시용 도보권 기준으로 녹지비율을 재산정했습니다. 대형 공원은 점 좌표+면적 원형 프록시가 생활권을 과대 덮을 수 있어 공원별 기여면적 상한을 적용했습니다. 기존 운영 iso_green_ratio와 Case는 변경하지 않습니다.,apt_adjusted_walk,471650.6305,6142.1274,6142.1274,2,0,,1.9742170462565392,1.302262,0.0
B000002968,인천서림초등학교,0.0,valhalla_walk_park_proxy_cap_30000m2,지도 표시용 도보권 기준으로 녹지비율을 재산정했습니다. 대형 공원은 점 좌표+면적 원형 프록시가 생활권을 과대 덮을 수 있어 공원별 기여면적 상한을 적용했습니다. 기존 운영 iso_green_ratio와 Case는 변경하지 않습니다.,valhalla_walk,507063.3813,0.0,0.0,0,0,,0.0,0.0,0.0
B000026333,인천가원초등학교,0.0,apt_adjusted_walk_park_proxy_cap_30000m2,지도 표시용 도보권 기준으로 녹지비율을 재산정했습니다. 대형 공원은 점 좌표+면적 원형 프록시가 생활권을 과대 덮을 수 있어 공원별 기여면적 상한을 적용했습니다. 기존 운영 iso_green_ratio와 Case는 변경하지 않습니다.,apt_adjusted_walk,426669.2078,0.0,0.0,0,0,,0.0,0.0,0.0
B000003175,조산초등학교,0.0,valhalla_walk_park_proxy_cap_30000m2,지도 표시용 도보권 기준으로 녹지비율을 재산정했습니다. 대형 공원은 점 좌표+면적 원형 프록시가 생활권을 과대 덮을 수 있어 공원별 기여면적 상한을 적용했습니다. 기존 운영 iso_green_ratio와 Case는 변경하지 않습니다.,valhalla_walk,216893.9043,0.0,0.0,0,0,,0.0,0.0,0.0
B000003074,인천간석초등학교,0.611217,apt_adjusted_walk_park_proxy_cap_30000m2,지도 표시용 도보권 기준으로 녹지비율을 재산정했습니다. 대형 공원은 점 좌표+면적 원형 프록시가 생활권을 과대 덮을 수 있어 공원별 기여면적 상한을 적용했습니다. 기존 운영 iso_green_ratio와 Case는 변경하지 않습니다.,apt_adjusted_walk,561265.4434,3430.552,3430.552,2,0,,1.1467647108099863,0.611217,0.0
B000002993,연평초등학교,0.0,valhalla_walk_park_proxy_cap_30000m2,지도 표시용 도보권 기준으로 녹지비율을 재산정했습니다. 대형 공원은 점 좌표+면적 원형 프록시가 생활권을 과대 덮을 수 있어 공원별 기여면적 상한을 적용했습니다. 기존 운영 iso_green_ratio와 Case는 변경하지 않습니다.,valhalla_walk,201678.9095,0.0,0.0,0,0,,0.0,0.0,0.0
B000025236,인천첨단초등학교,3.377479,valhalla_walk_park_proxy_cap_30000m2,지도 표시용 도보권 기준으로 녹지비율을 재산정했습니다. 대형 공원은 점 좌표+면적 원형 프록시가 생활권을 과대 덮을 수 있어 공원별 기여면적 상한을 적용했습니다. 기존 운영 iso_green_ratio와 Case는 변경하지 않습니다.,valhalla_walk,146451.0463,4946.354,4946.354,3,0,,19.3502,19.3502,-15.972721
B000026470,인천이음초등학교,0.737734,apt_adjusted_walk_park_proxy_cap_30000m2,지도 표시용 도보권 기준으로 녹지비율을 재산정했습니다. 대형 공원은 점 좌표+면적 원형 프록시가 생활권을 과대 덮을 수 있어 공원별 기여면적 상한을 적용했습니다. 기존 운영 iso_green_ratio와 Case는 변경하지 않습니다.,apt_adjusted_walk,434861.077,3208.1198,3208.1198,1,0,,0.0,0.737734,0.0
B000003124,인천안산초등학교,0.0,valhalla_walk_park_proxy_cap_30000m2,지도 표시용 도보권 기준으로 녹지비율을 재산정했습니다. 대형 공원은 점 좌표+면적 원형 프록시가 생활권을 과대 덮을 수 있어 공원별 기여면적 상한을 적용했습니다. 기존 운영 iso_green_ratio와 Case는 변경하지 않습니다.,valhalla_walk,293145.2761,0.0,0.0,0,0,,0.0,0.0,0.0
B000003185,하점초등학교,0.0,valhalla_walk_park_proxy_cap_30000m2,지도 표시용 도보권 기준으로 녹지비율을 재산정했습니다. 대형 공원은 점 좌표+면적 원형 프록시가 생활권을 과대 덮을 수 있어 공원별 기여면적 상한을 적용했습니다. 기존 운영 iso_green_ratio와 Case는 변경하지 않습니다.,valhalla_walk,296505.4541,0.0,0.0,0,0,,0.0,0.0,0.0
B000003065,인천신정초등학교,0.723429,apt_adjusted_walk_park_proxy_cap_30000m2,지도 표시용 도보권 기준으로 녹지비율을 재산정했습니다. 대형 공원은 점 좌표+면적 원형 프록시가 생활권을 과대 덮을 수 있어 공원별 기여면적 상한을 적용했습니다. 기존 운영 iso_green_ratio와 Case는 변경하지 않습니다.,apt_adjusted_walk,495251.7899,3582.7975,3582.7975,3,0,,0.6696076274572196,0.723429,0.0
B000002962,인천영종초등학교금산분교장,0.0,valhalla_walk_park_proxy_cap_30000m2,지도 표시용 도보권 기준으로 녹지비율을 재산정했습니다. 대형 공원은 점 좌표+면적 원형 프록시가 생활권을 과대 덮을 수 있어 공원별 기여면적 상한을 적용했습니다. 기존 운영 iso_green_ratio와 Case는 변경하지 않습니다.,valhalla_walk,154914.0604,0.0,0.0,0,0,,0.0,0.0,0.0
B000003158,인천원당초등학교,5.12472,apt_adjusted_walk_park_proxy_cap_30000m2,지도 표시용 도보권 기준으로 녹지비율을 재산정했습니다. 대형 공원은 점 좌표+면적 원형 프록시가 생활권을 과대 덮을 수 있어 공원별 기여면적 상한을 적용했습니다. 기존 운영 iso_green_ratio와 Case는 변경하지 않습니다.,apt_adjusted_walk,121480.0547,6225.5133,6225.5133,1,0,,2.5919,2.5919,2.53282
B000025512,인천용학초등학교,5.673989,valhalla_walk_park_proxy_cap_30000m2,지도 표시용 도보권 기준으로 녹지비율을 재산정했습니다. 대형 공원은 점 좌표+면적 원형 프록시가 생활권을 과대 덮을 수 있어 공원별 기여면적 상한을 적용했습니다. 기존 운영 iso_green_ratio와 Case는 변경하지 않습니다.,valhalla_walk,75066.9484,4259.2904,4259.2904,1,0,,0.0,0.0,5.673989
B000003087,인천원동초등학교,4.824011,apt_adjusted_walk_park_proxy_cap_30000m2,지도 표시용 도보권 기준으로 녹지비율을 재산정했습니다. 대형 공원은 점 좌표+면적 원형 프록시가 생활권을 과대 덮을 수 있어 공원별 기여면적 상한을 적용했습니다. 기존 운영 iso_green_ratio와 Case는 변경하지 않습니다.,apt_adjusted_walk,453523.9616,21878.0463,21878.0463,6,0,,1.1916602747715592,4.824011,0.0
B000025222,인천현송초등학교,0.0,apt_adjusted_walk_park_proxy_cap_30000m2,지도 표시용 도보권 기준으로 녹지비율을 재산정했습니다. 대형 공원은 점 좌표+면적 원형 프록시가 생활권을 과대 덮을 수 있어 공원별 기여면적 상한을 적용했습니다. 기존 운영 iso_green_ratio와 Case는 변경하지 않습니다.,apt_adjusted_walk,196580.7152,0.0,0.0,0,0,,0.0,0.0,0.0
B000003016,인천부일초등학교,8.682306,valhalla_walk_park_proxy_cap_30000m2,지도 표시용 도보권 기준으로 녹지비율을 재산정했습니다. 대형 공원은 점 좌표+면적 원형 프록시가 생활권을 과대 덮을 수 있어 공원별 기여면적 상한을 적용했습니다. 기존 운영 iso_green_ratio와 Case는 변경하지 않습니다.,valhalla_walk,318235.5104,25312.0458,27630.1809,6,0,,4.687834898287536,7.561641,1.120665
B000003170,인천서곶초등학교,5.615125,valhalla_walk_park_proxy_cap_30000m2,지도 표시용 도보권 기준으로 녹지비율을 재산정했습니다. 대형 공원은 점 좌표+면적 원형 프록시가 생활권을 과대 덮을 수 있어 공원별 기여면적 상한을 적용했습니다. 기존 운영 iso_green_ratio와 Case는 변경하지 않습니다.,valhalla_walk,339385.8425,19056.9395,19056.9395,6,0,,17.10876015583821,17.10876,-11.493635
B000026504,인천송담초등학교,20.733643,manual_sealed_green_ratio,봉인된 수동 검수 녹지비율을 표시값으로 유지합니다.,valhalla_walk,201208.2112,845.9417,1211.5705,2,0,,20.733643281479043,20.733643,0.0
B000003176,화도초등학교,0.0,valhalla_walk_park_proxy_cap_30000m2,지도 표시용 도보권 기준으로 녹지비율을 재산정했습니다. 대형 공원은 점 좌표+면적 원형 프록시가 생활권을 과대 덮을 수 있어 공원별 기여면적 상한을 적용했습니다. 기존 운영 iso_green_ratio와 Case는 변경하지 않습니다.,valhalla_walk,311366.1304,0.0,0.0,0,0,,18.932822258639675,18.932822,-18.932822
B000003139,인천청라초등학교,11.461474,apt_adjusted_walk_park_proxy_cap_30000m2,지도 표시용 도보권 기준으로 녹지비율을 재산정했습니다. 대형 공원은 점 좌표+면적 원형 프록시가 생활권을 과대 덮을 수 있어 공원별 기여면적 상한을 적용했습니다. 기존 운영 iso_green_ratio와 Case는 변경하지 않습니다.,apt_adjusted_walk,420684.6168,53647.6926,48216.6596,4,1,연희근린공원,16.652778675800267,12.752473,-1.290999
B000025210,인천연송초등학교,1.003071,apt_adjusted_walk_park_proxy_cap_30000m2,지도 표시용 도보권 기준으로 녹지비율을 재산정했습니다. 대형 공원은 점 좌표+면적 원형 프록시가 생활권을 과대 덮을 수 있어 공원별 기여면적 상한을 적용했습니다. 기존 운영 iso_green_ratio와 Case는 변경하지 않습니다.,apt_adjusted_walk,344072.1736,3451.2891,3451.2891,2,0,,0.3124795125145969,1.003071,0.0
B000003179,강화초등학교,2.28193,apt_adjusted_walk_park_proxy_cap_30000m2,지도 표시용 도보권 기준으로 녹지비율을 재산정했습니다. 대형 공원은 점 좌표+면적 원형 프록시가 생활권을 과대 덮을 수 있어 공원별 기여면적 상한을 적용했습니다. 기존 운영 iso_green_ratio와 Case는 변경하지 않습니다.,apt_adjusted_walk,784137.1226,17893.4592,17893.4592,2,0,,2.2819298612292127,2.28193,-0.0
B000003101,인천인동초등학교,1.044489,valhalla_walk_park_proxy_cap_30000m2,지도 표시용 도보권 기준으로 녹지비율을 재산정했습니다. 대형 공원은 점 좌표+면적 원형 프록시가 생활권을 과대 덮을 수 있어 공원별 기여면적 상한을 적용했습니다. 기존 운영 iso_green_ratio와 Case는 변경하지 않습니다.,valhalla_walk,429330.7963,4484.3133,4484.3133,5,0,,0.7106818929291981,0.673127,0.371362
B000002982,인천석암초등학교,0.0,valhalla_walk_park_proxy_cap_30000m2,지도 표시용 도보권 기준으로 녹지비율을 재산정했습니다. 대형 공원은 점 좌표+면적 원형 프록시가 생활권을 과대 덮을 수 있어 공원별 기여면적 상한을 적용했습니다. 기존 운영 iso_green_ratio와 Case는 변경하지 않습니다.,valhalla_walk,312278.6931,0.0,0.0,0,0,,0.0,0.0,0.0
B000002956,인천운남초등학교,4.803095,valhalla_walk_park_proxy_cap_30000m2,지도 표시용 도보권 기준으로 녹지비율을 재산정했습니다. 대형 공원은 점 좌표+면적 원형 프록시가 생활권을 과대 덮을 수 있어 공원별 기여면적 상한을 적용했습니다. 기존 운영 iso_green_ratio와 Case는 변경하지 않습니다.,valhalla_walk,292382.6562,14043.4155,14043.4155,3,0,,5.079155588874079,3.900658,0.902437
B000003153,인천완정초등학교,8.22931,valhalla_walk_park_proxy_cap_30000m2,지도 표시용 도보권 기준으로 녹지비율을 재산정했습니다. 대형 공원은 점 좌표+면적 원형 프록시가 생활권을 과대 덮을 수 있어 공원별 기여면적 상한을 적용했습니다. 기존 운영 iso_green_ratio와 Case는 변경하지 않습니다.,valhalla_walk,379690.7829,39510.2594,31245.9328,3,1,능내공원,5.4674324961136085,6.235208,1.994102
B000003160,인천창신초등학교,1.600821,apt_adjusted_walk_park_proxy_cap_30000m2,지도 표시용 도보권 기준으로 녹지비율을 재산정했습니다. 대형 공원은 점 좌표+면적 원형 프록시가 생활권을 과대 덮을 수 있어 공원별 기여면적 상한을 적용했습니다. 기존 운영 iso_green_ratio와 Case는 변경하지 않습니다.,apt_adjusted_walk,266874.6209,4272.1853,4272.1853,2,0,,1.4302776006196425,1.600821,0.0
B000026332,인천백석초등학교,5.907785,apt_adjusted_walk_park_proxy_cap_30000m2,지도 표시용 도보권 기준으로 녹지비율을 재산정했습니다. 대형 공원은 점 좌표+면적 원형 프록시가 생활권을 과대 덮을 수 있어 공원별 기여면적 상한을 적용했습니다. 기존 운영 iso_green_ratio와 Case는 변경하지 않습니다.,apt_adjusted_walk,327998.3473,19377.4356,19377.4356,4,0,,7.640385724662288,5.907785,-0.0
B000003186,명신초등학교,0.0,valhalla_walk_park_proxy_cap_30000m2,지도 표시용 도보권 기준으로 녹지비율을 재산정했습니다. 대형 공원은 점 좌표+면적 원형 프록시가 생활권을 과대 덮을 수 있어 공원별 기여면적 상한을 적용했습니다. 기존 운영 iso_green_ratio와 Case는 변경하지 않습니다.,valhalla_walk,257825.074,0.0,0.0,0,0,,0.0,0.0,0.0
B000003122,인천계양초등학교,2.413864,valhalla_walk_park_proxy_cap_30000m2,지도 표시용 도보권 기준으로 녹지비율을 재산정했습니다. 대형 공원은 점 좌표+면적 원형 프록시가 생활권을 과대 덮을 수 있어 공원별 기여면적 상한을 적용했습니다. 기존 운영 iso_green_ratio와 Case는 변경하지 않습니다.,valhalla_walk,408503.3911,9860.7181,9860.7181,4,0,,2.0898944800438137,1.962494,0.45137
B000003194,서도초등학교,0.0,apt_adjusted_walk_park_proxy_cap_30000m2,지도 표시용 도보권 기준으로 녹지비율을 재산정했습니다. 대형 공원은 점 좌표+면적 원형 프록시가 생활권을 과대 덮을 수 있어 공원별 기여면적 상한을 적용했습니다. 기존 운영 iso_green_ratio와 Case는 변경하지 않습니다.,apt_adjusted_walk,784137.1226,0.0,0.0,0,0,,0.0,0.0,0.0
B000003112,인천성지초등학교,3.161616,valhalla_walk_park_proxy_cap_30000m2,지도 표시용 도보권 기준으로 녹지비율을 재산정했습니다. 대형 공원은 점 좌표+면적 원형 프록시가 생활권을 과대 덮을 수 있어 공원별 기여면적 상한을 적용했습니다. 기존 운영 iso_green_ratio와 Case는 변경하지 않습니다.,valhalla_walk,399102.1129,12618.076,12618.076,2,0,,3.139698589376174,3.644385,-0.482769
B000003120,인천당산초등학교,2.508813,valhalla_walk_park_proxy_cap_30000m2,지도 표시용 도보권 기준으로 녹지비율을 재산정했습니다. 대형 공원은 점 좌표+면적 원형 프록시가 생활권을 과대 덮을 수 있어 공원별 기여면적 상한을 적용했습니다. 기존 운영 iso_green_ratio와 Case는 변경하지 않습니다.,valhalla_walk,223561.3524,5608.7365,5608.7365,3,0,,2.422399914831304,1.851526,0.657287
B000002967,인천서흥초등학교,0.085606,valhalla_walk_park_proxy_cap_30000m2,지도 표시용 도보권 기준으로 녹지비율을 재산정했습니다. 대형 공원은 점 좌표+면적 원형 프록시가 생활권을 과대 덮을 수 있어 공원별 기여면적 상한을 적용했습니다. 기존 운영 iso_green_ratio와 Case는 변경하지 않습니다.,valhalla_walk,531989.4821,455.4132,455.4132,1,0,,5.238971738865093,5.875851,-5.790245
B000003192,교동초등학교,0.0,valhalla_walk_park_proxy_cap_30000m2,지도 표시용 도보권 기준으로 녹지비율을 재산정했습니다. 대형 공원은 점 좌표+면적 원형 프록시가 생활권을 과대 덮을 수 있어 공원별 기여면적 상한을 적용했습니다. 기존 운영 iso_green_ratio와 Case는 변경하지 않습니다.,valhalla_walk,384831.7845,0.0,0.0,0,0,,0.0,0.0,0.0
B000003134,인천경명초등학교,0.0,apt_adjusted_walk_park_proxy_cap_30000m2,지도 표시용 도보권 기준으로 녹지비율을 재산정했습니다. 대형 공원은 점 좌표+면적 원형 프록시가 생활권을 과대 덮을 수 있어 공원별 기여면적 상한을 적용했습니다. 기존 운영 iso_green_ratio와 Case는 변경하지 않습니다.,apt_adjusted_walk,169107.6642,0.0,0.0,0,0,,0.0,0.0,0.0
B000003184,삼성초등학교,0.0,valhalla_walk_park_proxy_cap_30000m2,지도 표시용 도보권 기준으로 녹지비율을 재산정했습니다. 대형 공원은 점 좌표+면적 원형 프록시가 생활권을 과대 덮을 수 있어 공원별 기여면적 상한을 적용했습니다. 기존 운영 iso_green_ratio와 Case는 변경하지 않습니다.,valhalla_walk,230171.371,0.0,0.0,0,0,,0.0,0.0,0.0
B000022839,인천청일초등학교,8.479938,valhalla_walk_park_proxy_cap_30000m2,지도 표시용 도보권 기준으로 녹지비율을 재산정했습니다. 대형 공원은 점 좌표+면적 원형 프록시가 생활권을 과대 덮을 수 있어 공원별 기여면적 상한을 적용했습니다. 기존 운영 iso_green_ratio와 Case는 변경하지 않습니다.,valhalla_walk,353776.1533,278740.837,30000.0,1,1,청라호수공원,80.5480107037384,77.229188,-68.74925
B000026471,인천신검단초등학교,0.0,apt_adjusted_walk_park_proxy_cap_30000m2,지도 표시용 도보권 기준으로 녹지비율을 재산정했습니다. 대형 공원은 점 좌표+면적 원형 프록시가 생활권을 과대 덮을 수 있어 공원별 기여면적 상한을 적용했습니다. 기존 운영 iso_green_ratio와 Case는 변경하지 않습니다.,apt_adjusted_walk,161565.1423,0.0,0.0,0,0,,0.0,0.0,0.0
B000003141,인천양지초등학교,11.208961,valhalla_walk_park_proxy_cap_30000m2,지도 표시용 도보권 기준으로 녹지비율을 재산정했습니다. 대형 공원은 점 좌표+면적 원형 프록시가 생활권을 과대 덮을 수 있어 공원별 기여면적 상한을 적용했습니다. 기존 운영 iso_green_ratio와 Case는 변경하지 않습니다.,valhalla_walk,278130.1619,31175.5013,31175.5013,4,0,,11.866152313362068,11.234214,-0.025253
B000003190,삼산초등학교,0.0,valhalla_walk_park_proxy_cap_30000m2,지도 표시용 도보권 기준으로 녹지비율을 재산정했습니다. 대형 공원은 점 좌표+면적 원형 프록시가 생활권을 과대 덮을 수 있어 공원별 기여면적 상한을 적용했습니다. 기존 운영 iso_green_ratio와 Case는 변경하지 않습니다.,valhalla_walk,399716.3701,0.0,0.0,0,0,,0.0,0.0,0.0
B000026467,인천해든초등학교,5.740095,apt_adjusted_walk_park_proxy_cap_30000m2,지도 표시용 도보권 기준으로 녹지비율을 재산정했습니다. 대형 공원은 점 좌표+면적 원형 프록시가 생활권을 과대 덮을 수 있어 공원별 기여면적 상한을 적용했습니다. 기존 운영 iso_green_ratio와 Case는 변경하지 않습니다.,apt_adjusted_walk,454907.7308,26112.1359,26112.1359,5,0,,1.7363552753817364,5.740095,0.0
B000003083,인천도림초등학교,6.605881,valhalla_walk_park_proxy_cap_30000m2,지도 표시용 도보권 기준으로 녹지비율을 재산정했습니다. 대형 공원은 점 좌표+면적 원형 프록시가 생활권을 과대 덮을 수 있어 공원별 기여면적 상한을 적용했습니다. 기존 운영 iso_green_ratio와 Case는 변경하지 않습니다.,valhalla_walk,226131.4811,13511.2713,14937.9769,4,0,,7.856396191067942,6.268656,0.337225
B000003177,대월초등학교,0.0,valhalla_walk_park_proxy_cap_30000m2,지도 표시용 도보권 기준으로 녹지비율을 재산정했습니다. 대형 공원은 점 좌표+면적 원형 프록시가 생활권을 과대 덮을 수 있어 공원별 기여면적 상한을 적용했습니다. 기존 운영 iso_green_ratio와 Case는 변경하지 않습니다.,valhalla_walk,82672.9854,0.0,0.0,0,0,,0.0,0.0,0.0
B000002997,북포초등학교,0.0,valhalla_walk_park_proxy_cap_30000m2,지도 표시용 도보권 기준으로 녹지비율을 재산정했습니다. 대형 공원은 점 좌표+면적 원형 프록시가 생활권을 과대 덮을 수 있어 공원별 기여면적 상한을 적용했습니다. 기존 운영 iso_green_ratio와 Case는 변경하지 않습니다.,valhalla_walk,227096.6838,0.0,0.0,0,0,,0.0,0.0,0.0
B000003094,인천신월초등학교,6.578672,valhalla_walk_park_proxy_cap_30000m2,지도 표시용 도보권 기준으로 녹지비율을 재산정했습니다. 대형 공원은 점 좌표+면적 원형 프록시가 생활권을 과대 덮을 수 있어 공원별 기여면적 상한을 적용했습니다. 기존 운영 iso_green_ratio와 Case는 변경하지 않습니다.,valhalla_walk,399650.7626,26291.7119,26291.7119,2,0,,4.632029933248639,4.63203,1.946642
B000003171,인천검암초등학교,6.799611,valhalla_walk_park_proxy_cap_30000m2,지도 표시용 도보권 기준으로 녹지비율을 재산정했습니다. 대형 공원은 점 좌표+면적 원형 프록시가 생활권을 과대 덮을 수 있어 공원별 기여면적 상한을 적용했습니다. 기존 운영 iso_green_ratio와 Case는 변경하지 않습니다.,valhalla_walk,355669.0062,24184.1074,24184.1074,4,0,,5.685083237800615,4.812415,1.987196
B000022834,인천청람초등학교,7.004083,apt_adjusted_walk_park_proxy_cap_30000m2,지도 표시용 도보권 기준으로 녹지비율을 재산정했습니다. 대형 공원은 점 좌표+면적 원형 프록시가 생활권을 과대 덮을 수 있어 공원별 기여면적 상한을 적용했습니다. 기존 운영 iso_green_ratio와 Case는 변경하지 않습니다.,apt_adjusted_walk,477795.2216,70480.1632,33465.1733,3,1,물병자리공원,23.88276343548551,14.751123,-7.74704
B000003169,인천신현초등학교,0.0,valhalla_walk_park_proxy_cap_30000m2,지도 표시용 도보권 기준으로 녹지비율을 재산정했습니다. 대형 공원은 점 좌표+면적 원형 프록시가 생활권을 과대 덮을 수 있어 공원별 기여면적 상한을 적용했습니다. 기존 운영 iso_green_ratio와 Case는 변경하지 않습니다.,valhalla_walk,554498.4797,0.0,0.0,0,0,,0.1957398874817257,0.189983,-0.189983
B000003085,인천장도초등학교,1.018956,valhalla_walk_park_proxy_cap_30000m2,지도 표시용 도보권 기준으로 녹지비율을 재산정했습니다. 대형 공원은 점 좌표+면적 원형 프록시가 생활권을 과대 덮을 수 있어 공원별 기여면적 상한을 적용했습니다. 기존 운영 iso_green_ratio와 Case는 변경하지 않습니다.,valhalla_walk,170488.8664,1737.2062,1737.2062,1,0,,0.7816450540145566,1.2144,-0.195444
B000003161,인천금곡초등학교,1.70777,valhalla_walk_park_proxy_cap_30000m2,지도 표시용 도보권 기준으로 녹지비율을 재산정했습니다. 대형 공원은 점 좌표+면적 원형 프록시가 생활권을 과대 덮을 수 있어 공원별 기여면적 상한을 적용했습니다. 기존 운영 iso_green_ratio와 Case는 변경하지 않습니다.,valhalla_walk,299881.4237,5121.2838,5121.2838,2,0,,2.4685781177655026,1.852554,-0.144784
B000025256,인천송원초등학교,15.741837,valhalla_walk_park_proxy_cap_30000m2,지도 표시용 도보권 기준으로 녹지비율을 재산정했습니다. 대형 공원은 점 좌표+면적 원형 프록시가 생활권을 과대 덮을 수 있어 공원별 기여면적 상한을 적용했습니다. 기존 운영 iso_green_ratio와 Case는 변경하지 않습니다.,valhalla_walk,381149.9226,101960.2444,60000.0,2,2,"국제화복합단지 1호 근린공원, 첨단산업클러스터단지(B) 4호 근린공원",20.73364328147904,19.0867,-3.344863
B000003004,인천남부초등학교이작분교장,0.0,valhalla_walk_park_proxy_cap_30000m2,지도 표시용 도보권 기준으로 녹지비율을 재산정했습니다. 대형 공원은 점 좌표+면적 원형 프록시가 생활권을 과대 덮을 수 있어 공원별 기여면적 상한을 적용했습니다. 기존 운영 iso_green_ratio와 Case는 변경하지 않습니다.,valhalla_walk,157424.2791,0.0,0.0,0,0,,0.0,0.0,0.0
B000003183,불은초등학교,0.0,valhalla_walk_park_proxy_cap_30000m2,지도 표시용 도보권 기준으로 녹지비율을 재산정했습니다. 대형 공원은 점 좌표+면적 원형 프록시가 생활권을 과대 덮을 수 있어 공원별 기여면적 상한을 적용했습니다. 기존 운영 iso_green_ratio와 Case는 변경하지 않습니다.,valhalla_walk,230717.1025,0.0,0.0,0,0,,0.0,0.0,0.0
B000003082,인천만수초등학교,3.165018,apt_adjusted_walk_park_proxy_cap_30000m2,지도 표시용 도보권 기준으로 녹지비율을 재산정했습니다. 대형 공원은 점 좌표+면적 원형 프록시가 생활권을 과대 덮을 수 있어 공원별 기여면적 상한을 적용했습니다. 기존 운영 iso_green_ratio와 Case는 변경하지 않습니다.,apt_adjusted_walk,330933.439,10474.1024,10474.1024,6,0,,4.8396035122849925,3.165018,-0.0
B000002980,인천관교초등학교,1.291916,valhalla_walk_park_proxy_cap_30000m2,지도 표시용 도보권 기준으로 녹지비율을 재산정했습니다. 대형 공원은 점 좌표+면적 원형 프록시가 생활권을 과대 덮을 수 있어 공원별 기여면적 상한을 적용했습니다. 기존 운영 iso_green_ratio와 Case는 변경하지 않습니다.,valhalla_walk,534906.8061,6910.5483,6910.5483,5,0,,1.6718030258424468,1.694199,-0.402283
B000003110,인천해서초등학교,0.476878,valhalla_walk_park_proxy_cap_30000m2,지도 표시용 도보권 기준으로 녹지비율을 재산정했습니다. 대형 공원은 점 좌표+면적 원형 프록시가 생활권을 과대 덮을 수 있어 공원별 기여면적 상한을 적용했습니다. 기존 운영 iso_green_ratio와 Case는 변경하지 않습니다.,valhalla_walk,310984.0442,1483.015,1483.015,1,0,,0.582554971410877,0.557716,-0.080838
B000025196,인천장서초등학교,3.405915,apt_adjusted_walk_park_proxy_cap_30000m2,지도 표시용 도보권 기준으로 녹지비율을 재산정했습니다. 대형 공원은 점 좌표+면적 원형 프록시가 생활권을 과대 덮을 수 있어 공원별 기여면적 상한을 적용했습니다. 기존 운영 iso_green_ratio와 Case는 변경하지 않습니다.,apt_adjusted_walk,363020.9184,12364.1848,12364.1848,3,0,,6.964241177787035,3.405915,0.0
B000003045,인천한길초등학교,3.984643,apt_adjusted_walk_park_proxy_cap_30000m2,지도 표시용 도보권 기준으로 녹지비율을 재산정했습니다. 대형 공원은 점 좌표+면적 원형 프록시가 생활권을 과대 덮을 수 있어 공원별 기여면적 상한을 적용했습니다. 기존 운영 iso_green_ratio와 Case는 변경하지 않습니다.,apt_adjusted_walk,465556.0906,18550.7491,18550.7491,10,0,,3.877070454940848,3.984643,0.0
B000003167,인천석남서초등학교,0.0,valhalla_walk_park_proxy_cap_30000m2,지도 표시용 도보권 기준으로 녹지비율을 재산정했습니다. 대형 공원은 점 좌표+면적 원형 프록시가 생활권을 과대 덮을 수 있어 공원별 기여면적 상한을 적용했습니다. 기존 운영 iso_green_ratio와 Case는 변경하지 않습니다.,valhalla_walk,534663.363,0.0,0.0,0,0,,0.0,0.0,0.0
B000003173,길상초등학교,0.0,valhalla_walk_park_proxy_cap_30000m2,지도 표시용 도보권 기준으로 녹지비율을 재산정했습니다. 대형 공원은 점 좌표+면적 원형 프록시가 생활권을 과대 덮을 수 있어 공원별 기여면적 상한을 적용했습니다. 기존 운영 iso_green_ratio와 Case는 변경하지 않습니다.,valhalla_walk,331742.5754,0.0,0.0,0,0,,0.0,0.0,0.0
B000025206,인천새봄초등학교,0.025511,apt_adjusted_walk_park_proxy_cap_30000m2,지도 표시용 도보권 기준으로 녹지비율을 재산정했습니다. 대형 공원은 점 좌표+면적 원형 프록시가 생활권을 과대 덮을 수 있어 공원별 기여면적 상한을 적용했습니다. 기존 운영 iso_green_ratio와 Case는 변경하지 않습니다.,apt_adjusted_walk,784137.1226,200.0416,200.0416,1,0,,9.878500436426854,9.8785,-9.852989
B000003033,인천부마초등학교,0.0,apt_adjusted_walk_park_proxy_cap_30000m2,지도 표시용 도보권 기준으로 녹지비율을 재산정했습니다. 대형 공원은 점 좌표+면적 원형 프록시가 생활권을 과대 덮을 수 있어 공원별 기여면적 상한을 적용했습니다. 기존 운영 iso_green_ratio와 Case는 변경하지 않습니다.,apt_adjusted_walk,347005.5495,0.0,0.0,0,0,,0.0,0.0,0.0
B000003182,선원초등학교,0.0,valhalla_walk_park_proxy_cap_30000m2,지도 표시용 도보권 기준으로 녹지비율을 재산정했습니다. 대형 공원은 점 좌표+면적 원형 프록시가 생활권을 과대 덮을 수 있어 공원별 기여면적 상한을 적용했습니다. 기존 운영 iso_green_ratio와 Case는 변경하지 않습니다.,valhalla_walk,228250.8174,0.0,0.0,0,0,,0.0,0.0,0.0
B000003009,인천대정초등학교,0.0,apt_adjusted_walk_park_proxy_cap_30000m2,지도 표시용 도보권 기준으로 녹지비율을 재산정했습니다. 대형 공원은 점 좌표+면적 원형 프록시가 생활권을 과대 덮을 수 있어 공원별 기여면적 상한을 적용했습니다. 기존 운영 iso_green_ratio와 Case는 변경하지 않습니다.,apt_adjusted_walk,379347.5994,0.0,0.0,0,0,,0.0,0.0,0.0
B000003000,인천삼목초등학교장봉분교장,0.0,apt_adjusted_walk_park_proxy_cap_30000m2,지도 표시용 도보권 기준으로 녹지비율을 재산정했습니다. 대형 공원은 점 좌표+면적 원형 프록시가 생활권을 과대 덮을 수 있어 공원별 기여면적 상한을 적용했습니다. 기존 운영 iso_green_ratio와 Case는 변경하지 않습니다.,apt_adjusted_walk,784137.1226,0.0,0.0,0,0,,0.0,0.0,0.0
B000003119,인천소양초등학교,0.747918,valhalla_walk_park_proxy_cap_30000m2,지도 표시용 도보권 기준으로 녹지비율을 재산정했습니다. 대형 공원은 점 좌표+면적 원형 프록시가 생활권을 과대 덮을 수 있어 공원별 기여면적 상한을 적용했습니다. 기존 운영 iso_green_ratio와 Case는 변경하지 않습니다.,valhalla_walk,315458.4635,2359.3705,2359.3705,1,0,,1.2742611600540128,1.04168,-0.293762
B000003111,인천안남초등학교,0.514708,valhalla_walk_park_proxy_cap_30000m2,지도 표시용 도보권 기준으로 녹지비율을 재산정했습니다. 대형 공원은 점 좌표+면적 원형 프록시가 생활권을 과대 덮을 수 있어 공원별 기여면적 상한을 적용했습니다. 기존 운영 iso_green_ratio와 Case는 변경하지 않습니다.,valhalla_walk,418479.911,2153.9494,2153.9494,2,0,,0.2950106959454435,0.254154,0.260554
B000002995,영흥초등학교,0.0,valhalla_walk_park_proxy_cap_30000m2,지도 표시용 도보권 기준으로 녹지비율을 재산정했습니다. 대형 공원은 점 좌표+면적 원형 프록시가 생활권을 과대 덮을 수 있어 공원별 기여면적 상한을 적용했습니다. 기존 운영 iso_green_ratio와 Case는 변경하지 않습니다.,valhalla_walk,196402.2809,0.0,0.0,0,0,,0.0,0.0,0.0
B000003064,인천옥련초등학교,0.704697,valhalla_walk_park_proxy_cap_30000m2,지도 표시용 도보권 기준으로 녹지비율을 재산정했습니다. 대형 공원은 점 좌표+면적 원형 프록시가 생활권을 과대 덮을 수 있어 공원별 기여면적 상한을 적용했습니다. 기존 운영 iso_green_ratio와 Case는 변경하지 않습니다.,valhalla_walk,534346.714,3765.5227,3765.5227,2,0,,0.5669310411225684,0.697825,0.006872
B000003063,인천문남초등학교,14.535394,apt_adjusted_walk_park_proxy_cap_30000m2,지도 표시용 도보권 기준으로 녹지비율을 재산정했습니다. 대형 공원은 점 좌표+면적 원형 프록시가 생활권을 과대 덮을 수 있어 공원별 기여면적 상한을 적용했습니다. 기존 운영 iso_green_ratio와 Case는 변경하지 않습니다.,apt_adjusted_walk,385566.621,166960.5592,56043.6256,5,1,장미공원,43.52993257675584,43.302649,-28.767255
B000003059,인천동춘초등학교,8.021075,apt_adjusted_walk_park_proxy_cap_30000m2,지도 표시용 도보권 기준으로 녹지비율을 재산정했습니다. 대형 공원은 점 좌표+면적 원형 프록시가 생활권을 과대 덮을 수 있어 공원별 기여면적 상한을 적용했습니다. 기존 운영 iso_green_ratio와 Case는 변경하지 않습니다.,apt_adjusted_walk,408739.5432,106197.9598,32785.306,4,1,동춘3공원,38.08046723658413,25.981817,-17.960742
B000003068,인천먼우금초등학교,31.503392,apt_adjusted_walk_park_proxy_cap_30000m2,지도 표시용 도보권 기준으로 녹지비율을 재산정했습니다. 대형 공원은 점 좌표+면적 원형 프록시가 생활권을 과대 덮을 수 있어 공원별 기여면적 상한을 적용했습니다. 기존 운영 iso_green_ratio와 Case는 변경하지 않습니다.,apt_adjusted_walk,442798.5945,261418.705,139496.5764,9,4,"달빛공원, 새아침공원, 해돋이공원",51.650100041733246,59.037835,-27.534443
B000003023,인천부평북초등학교,5.239191,valhalla_walk_park_proxy_cap_30000m2,지도 표시용 도보권 기준으로 녹지비율을 재산정했습니다. 대형 공원은 점 좌표+면적 원형 프록시가 생활권을 과대 덮을 수 있어 공원별 기여면적 상한을 적용했습니다. 기존 운영 iso_green_ratio와 Case는 변경하지 않습니다.,valhalla_walk,397508.8107,20826.2458,20826.2458,1,0,,6.320530687825325,4.773261,0.46593
B000003097,인천논현초등학교,0.87046,valhalla_walk_park_proxy_cap_30000m2,지도 표시용 도보권 기준으로 녹지비율을 재산정했습니다. 대형 공원은 점 좌표+면적 원형 프록시가 생활권을 과대 덮을 수 있어 공원별 기여면적 상한을 적용했습니다. 기존 운영 iso_green_ratio와 Case는 변경하지 않습니다.,valhalla_walk,413513.2852,3599.4698,3599.4698,3,0,,1.292668978175278,1.157052,-0.286592
B000003066,인천해송초등학교,24.599513,apt_adjusted_walk_park_proxy_cap_30000m2,지도 표시용 도보권 기준으로 녹지비율을 재산정했습니다. 대형 공원은 점 좌표+면적 원형 프록시가 생활권을 과대 덮을 수 있어 공원별 기여면적 상한을 적용했습니다. 기존 운영 iso_green_ratio와 Case는 변경하지 않습니다.,apt_adjusted_walk,343979.5195,132154.8977,84617.2873,5,2,미추홀공원,52.754840268395206,38.419409,-13.819896
B000003132,인천계양초등학교상야분교장,0.480016,valhalla_walk_park_proxy_cap_30000m2,지도 표시용 도보권 기준으로 녹지비율을 재산정했습니다. 대형 공원은 점 좌표+면적 원형 프록시가 생활권을 과대 덮을 수 있어 공원별 기여면적 상한을 적용했습니다. 기존 운영 iso_green_ratio와 Case는 변경하지 않습니다.,valhalla_walk,227408.6521,1091.5978,1091.5978,1,0,,1.0316507437115296,1.031651,-0.551635
B000003128,인천작전초등학교,3.070936,valhalla_walk_park_proxy_cap_30000m2,지도 표시용 도보권 기준으로 녹지비율을 재산정했습니다. 대형 공원은 점 좌표+면적 원형 프록시가 생활권을 과대 덮을 수 있어 공원별 기여면적 상한을 적용했습니다. 기존 운영 iso_green_ratio와 Case는 변경하지 않습니다.,valhalla_walk,378916.6349,11636.2867,11636.2867,1,0,,4.995964374419489,3.977856,-0.90692
B000003159,인천발산초등학교,11.382852,valhalla_walk_park_proxy_cap_30000m2,지도 표시용 도보권 기준으로 녹지비율을 재산정했습니다. 대형 공원은 점 좌표+면적 원형 프록시가 생활권을 과대 덮을 수 있어 공원별 기여면적 상한을 적용했습니다. 기존 운영 iso_green_ratio와 Case는 변경하지 않습니다.,valhalla_walk,303360.9752,34849.8719,34531.1302,3,1,맑은물빛공원,15.183599418976796,10.286176,1.096676
B000003138,인천경서초등학교,2.743175,valhalla_walk_park_proxy_cap_30000m2,지도 표시용 도보권 기준으로 녹지비율을 재산정했습니다. 대형 공원은 점 좌표+면적 원형 프록시가 생활권을 과대 덮을 수 있어 공원별 기여면적 상한을 적용했습니다. 기존 운영 iso_green_ratio와 Case는 변경하지 않습니다.,valhalla_walk,270381.614,7417.0402,7417.0402,3,0,,2.606688160613723,2.098504,0.644671
B000003079,인천만수북초등학교,0.0,valhalla_walk_park_proxy_cap_30000m2,지도 표시용 도보권 기준으로 녹지비율을 재산정했습니다. 대형 공원은 점 좌표+면적 원형 프록시가 생활권을 과대 덮을 수 있어 공원별 기여면적 상한을 적용했습니다. 기존 운영 iso_green_ratio와 Case는 변경하지 않습니다.,valhalla_walk,223053.2901,0.0,0.0,0,0,,0.0,0.0,0.0
B000003157,인천단봉초등학교,2.844293,apt_adjusted_walk_park_proxy_cap_30000m2,지도 표시용 도보권 기준으로 녹지비율을 재산정했습니다. 대형 공원은 점 좌표+면적 원형 프록시가 생활권을 과대 덮을 수 있어 공원별 기여면적 상한을 적용했습니다. 기존 운영 iso_green_ratio와 Case는 변경하지 않습니다.,apt_adjusted_walk,367999.7691,10466.9912,10466.9912,4,0,,3.3232738250753693,2.844293,-0.0
B000003067,인천신송초등학교,54.309819,apt_adjusted_walk_park_proxy_cap_30000m2,지도 표시용 도보권 기준으로 녹지비율을 재산정했습니다. 대형 공원은 점 좌표+면적 원형 프록시가 생활권을 과대 덮을 수 있어 공원별 기여면적 상한을 적용했습니다. 기존 운영 iso_green_ratio와 Case는 변경하지 않습니다.,apt_adjusted_walk,305244.0088,219070.2297,165777.4674,10,4,"달빛공원, 해돋이공원",78.1809201590326,71.768888,-17.459069
B000003041,인천용마초등학교,1.423202,valhalla_walk_park_proxy_cap_30000m2,지도 표시용 도보권 기준으로 녹지비율을 재산정했습니다. 대형 공원은 점 좌표+면적 원형 프록시가 생활권을 과대 덮을 수 있어 공원별 기여면적 상한을 적용했습니다. 기존 운영 iso_green_ratio와 Case는 변경하지 않습니다.,valhalla_walk,369556.9887,5259.5417,5259.5417,1,0,,0.0,0.0,1.423202
B000003048,인천명선초등학교,20.733643,manual_sealed_green_ratio,봉인된 수동 검수 녹지비율을 표시값으로 유지합니다.,valhalla_walk,126580.0994,0.0,0.0,0,0,,20.733643281479043,20.733643,0.0
B000003109,인천효성초등학교,1.674493,valhalla_walk_park_proxy_cap_30000m2,지도 표시용 도보권 기준으로 녹지비율을 재산정했습니다. 대형 공원은 점 좌표+면적 원형 프록시가 생활권을 과대 덮을 수 있어 공원별 기여면적 상한을 적용했습니다. 기존 운영 iso_green_ratio와 Case는 변경하지 않습니다.,valhalla_walk,209589.4696,3509.5616,3509.5616,1,0,,3.7960521423739664,3.386342,-1.711849
B000002975,인천용현남초등학교,0.0,apt_adjusted_walk_park_proxy_cap_30000m2,지도 표시용 도보권 기준으로 녹지비율을 재산정했습니다. 대형 공원은 점 좌표+면적 원형 프록시가 생활권을 과대 덮을 수 있어 공원별 기여면적 상한을 적용했습니다. 기존 운영 iso_green_ratio와 Case는 변경하지 않습니다.,apt_adjusted_walk,102126.4541,0.0,0.0,0,0,,0.0,0.0,0.0
B000003114,인천서운초등학교,7.237381,apt_adjusted_walk_park_proxy_cap_30000m2,지도 표시용 도보권 기준으로 녹지비율을 재산정했습니다. 대형 공원은 점 좌표+면적 원형 프록시가 생활권을 과대 덮을 수 있어 공원별 기여면적 상한을 적용했습니다. 기존 운영 iso_green_ratio와 Case는 변경하지 않습니다.,apt_adjusted_walk,291455.1889,20348.5355,21093.7226,4,0,,6.826309731451552,6.981703,0.255678
B000003054,인천연화초등학교,5.662483,valhalla_walk_park_proxy_cap_30000m2,지도 표시용 도보권 기준으로 녹지비율을 재산정했습니다. 대형 공원은 점 좌표+면적 원형 프록시가 생활권을 과대 덮을 수 있어 공원별 기여면적 상한을 적용했습니다. 기존 운영 iso_green_ratio와 Case는 변경하지 않습니다.,valhalla_walk,475803.4782,26942.2907,26942.2907,5,0,,4.546225604380401,3.291977,2.370506
B000002955,인천연안초등학교,0.0,valhalla_walk_park_proxy_cap_30000m2,지도 표시용 도보권 기준으로 녹지비율을 재산정했습니다. 대형 공원은 점 좌표+면적 원형 프록시가 생활권을 과대 덮을 수 있어 공원별 기여면적 상한을 적용했습니다. 기존 운영 iso_green_ratio와 Case는 변경하지 않습니다.,valhalla_walk,381515.1539,0.0,0.0,0,0,,0.0,0.0,0.0
B000002965,인천창영초등학교,0.312706,valhalla_walk_park_proxy_cap_30000m2,지도 표시용 도보권 기준으로 녹지비율을 재산정했습니다. 대형 공원은 점 좌표+면적 원형 프록시가 생활권을 과대 덮을 수 있어 공원별 기여면적 상한을 적용했습니다. 기존 운영 iso_green_ratio와 Case는 변경하지 않습니다.,valhalla_walk,328470.5106,1027.1482,1027.1482,1,0,,0.5480790386337815,0.521597,-0.208891
B000003027,인천부원초등학교,0.0,valhalla_walk_park_proxy_cap_30000m2,지도 표시용 도보권 기준으로 녹지비율을 재산정했습니다. 대형 공원은 점 좌표+면적 원형 프록시가 생활권을 과대 덮을 수 있어 공원별 기여면적 상한을 적용했습니다. 기존 운영 iso_green_ratio와 Case는 변경하지 않습니다.,valhalla_walk,349261.0176,0.0,0.0,0,0,,0.0,0.745793,-0.745793
B000003099,인천새말초등학교,3.056738,apt_adjusted_walk_park_proxy_cap_30000m2,지도 표시용 도보권 기준으로 녹지비율을 재산정했습니다. 대형 공원은 점 좌표+면적 원형 프록시가 생활권을 과대 덮을 수 있어 공원별 기여면적 상한을 적용했습니다. 기존 운영 iso_green_ratio와 Case는 변경하지 않습니다.,apt_adjusted_walk,573003.3225,17515.2078,17515.2078,5,0,,2.3576150291456424,3.056738,-0.0
B000002960,인성초등학교,6.648983,valhalla_walk_park_proxy_cap_30000m2,지도 표시용 도보권 기준으로 녹지비율을 재산정했습니다. 대형 공원은 점 좌표+면적 원형 프록시가 생활권을 과대 덮을 수 있어 공원별 기여면적 상한을 적용했습니다. 기존 운영 iso_green_ratio와 Case는 변경하지 않습니다.,valhalla_walk,451196.7963,67713.0676,30000.0,1,1,자유공원,18.608229145254416,18.608229,-11.959246
B000003044,인천삼산초등학교,4.138528,valhalla_walk_park_proxy_cap_30000m2,지도 표시용 도보권 기준으로 녹지비율을 재산정했습니다. 대형 공원은 점 좌표+면적 원형 프록시가 생활권을 과대 덮을 수 있어 공원별 기여면적 상한을 적용했습니다. 기존 운영 iso_green_ratio와 Case는 변경하지 않습니다.,valhalla_walk,445869.2757,18452.423,18452.423,5,0,,5.41652525816313,4.821451,-0.682923
B000003015,인천구산초등학교,5.600837,apt_adjusted_walk_park_proxy_cap_30000m2,지도 표시용 도보권 기준으로 녹지비율을 재산정했습니다. 대형 공원은 점 좌표+면적 원형 프록시가 생활권을 과대 덮을 수 있어 공원별 기여면적 상한을 적용했습니다. 기존 운영 iso_green_ratio와 Case는 변경하지 않습니다.,apt_adjusted_walk,437470.4846,24502.0075,24502.0075,8,0,,6.00706905267396,5.600837,-0.0
B000002950,인천신광초등학교,0.0,valhalla_walk_park_proxy_cap_30000m2,지도 표시용 도보권 기준으로 녹지비율을 재산정했습니다. 대형 공원은 점 좌표+면적 원형 프록시가 생활권을 과대 덮을 수 있어 공원별 기여면적 상한을 적용했습니다. 기존 운영 iso_green_ratio와 Case는 변경하지 않습니다.,valhalla_walk,440059.1297,0.0,0.0,0,0,,0.0,0.0,0.0
B000002976,인천학산초등학교,3.455926,apt_adjusted_walk_park_proxy_cap_30000m2,지도 표시용 도보권 기준으로 녹지비율을 재산정했습니다. 대형 공원은 점 좌표+면적 원형 프록시가 생활권을 과대 덮을 수 있어 공원별 기여면적 상한을 적용했습니다. 기존 운영 iso_green_ratio와 Case는 변경하지 않습니다.,apt_adjusted_walk,315072.8605,10888.6863,10888.6863,5,0,,2.845479808318261,3.455926,0.0
B000003092,인천송천초등학교,11.905945,valhalla_walk_park_proxy_cap_30000m2,지도 표시용 도보권 기준으로 녹지비율을 재산정했습니다. 대형 공원은 점 좌표+면적 원형 프록시가 생활권을 과대 덮을 수 있어 공원별 기여면적 상한을 적용했습니다. 기존 운영 iso_green_ratio와 Case는 변경하지 않습니다.,valhalla_walk,349181.7628,243174.7336,41573.3878,4,1,늘솔길공원,71.48006980621331,56.09789,-44.191945
B000002986,인천대화초등학교,0.467445,valhalla_walk_park_proxy_cap_30000m2,지도 표시용 도보권 기준으로 녹지비율을 재산정했습니다. 대형 공원은 점 좌표+면적 원형 프록시가 생활권을 과대 덮을 수 있어 공원별 기여면적 상한을 적용했습니다. 기존 운영 iso_green_ratio와 Case는 변경하지 않습니다.,valhalla_walk,454692.8706,2125.4382,2125.4382,1,0,,0.6191373845422502,0.553474,-0.086029
B000002992,인천연학초등학교,12.796625,valhalla_walk_park_proxy_cap_30000m2,지도 표시용 도보권 기준으로 녹지비율을 재산정했습니다. 대형 공원은 점 좌표+면적 원형 프록시가 생활권을 과대 덮을 수 있어 공원별 기여면적 상한을 적용했습니다. 기존 운영 iso_green_ratio와 Case는 변경하지 않습니다.,valhalla_walk,494419.8507,34882.6563,63269.0537,5,0,,6.8852393269625205,7.662151,5.134474
B000003123,인천계산초등학교,1.223749,valhalla_walk_park_proxy_cap_30000m2,지도 표시용 도보권 기준으로 녹지비율을 재산정했습니다. 대형 공원은 점 좌표+면적 원형 프록시가 생활권을 과대 덮을 수 있어 공원별 기여면적 상한을 적용했습니다. 기존 운영 iso_green_ratio와 Case는 변경하지 않습니다.,valhalla_walk,361509.1045,4423.9647,4423.9647,3,0,,2.7591,2.7591,-1.535351
B000002987,인천주안북초등학교,0.429432,valhalla_walk_park_proxy_cap_30000m2,지도 표시용 도보권 기준으로 녹지비율을 재산정했습니다. 대형 공원은 점 좌표+면적 원형 프록시가 생활권을 과대 덮을 수 있어 공원별 기여면적 상한을 적용했습니다. 기존 운영 iso_green_ratio와 Case는 변경하지 않습니다.,valhalla_walk,489464.8968,2101.9197,2101.9197,1,0,,0.0,0.0,0.429432
B000003144,인천석남초등학교,0.426341,manual_sealed_green_ratio,봉인된 수동 검수 녹지비율을 표시값으로 유지합니다.,valhalla_walk,250004.7273,0.0,0.0,0,0,,0.4263408185968763,0.426341,-0.0
B000003168,인천가현초등학교,0.088174,apt_adjusted_walk_park_proxy_cap_30000m2,지도 표시용 도보권 기준으로 녹지비율을 재산정했습니다. 대형 공원은 점 좌표+면적 원형 프록시가 생활권을 과대 덮을 수 있어 공원별 기여면적 상한을 적용했습니다. 기존 운영 iso_green_ratio와 Case는 변경하지 않습니다.,apt_adjusted_walk,355724.0593,313.6548,313.6548,1,0,,0.1245507481503297,0.088174,-0.0
B000003142,인천심곡초등학교,9.959124,valhalla_walk_park_proxy_cap_30000m2,지도 표시용 도보권 기준으로 녹지비율을 재산정했습니다. 대형 공원은 점 좌표+면적 원형 프록시가 생활권을 과대 덮을 수 있어 공원별 기여면적 상한을 적용했습니다. 기존 운영 iso_green_ratio와 Case는 변경하지 않습니다.,valhalla_walk,386012.0618,50509.7702,38443.4214,5,1,서곶공원,14.353840249786591,14.673838,-4.714714
B000002996,덕적초등학교,0.0,valhalla_walk_park_proxy_cap_30000m2,지도 표시용 도보권 기준으로 녹지비율을 재산정했습니다. 대형 공원은 점 좌표+면적 원형 프록시가 생활권을 과대 덮을 수 있어 공원별 기여면적 상한을 적용했습니다. 기존 운영 iso_green_ratio와 Case는 변경하지 않습니다.,valhalla_walk,172924.8968,0.0,0.0,0,0,,0.0,0.0,0.0
B000003025,인천부개초등학교,0.573749,valhalla_walk_park_proxy_cap_30000m2,지도 표시용 도보권 기준으로 녹지비율을 재산정했습니다. 대형 공원은 점 좌표+면적 원형 프록시가 생활권을 과대 덮을 수 있어 공원별 기여면적 상한을 적용했습니다. 기존 운영 iso_green_ratio와 Case는 변경하지 않습니다.,valhalla_walk,488252.2878,2801.3433,2801.3433,2,0,,0.4297674786891796,0.514787,0.058962
B000003103,인천담방초등학교,4.323264,valhalla_walk_park_proxy_cap_30000m2,지도 표시용 도보권 기준으로 녹지비율을 재산정했습니다. 대형 공원은 점 좌표+면적 원형 프록시가 생활권을 과대 덮을 수 있어 공원별 기여면적 상한을 적용했습니다. 기존 운영 iso_green_ratio와 Case는 변경하지 않습니다.,valhalla_walk,239687.7865,10362.3354,10362.3354,1,0,,5.205870698831226,2.510424,1.81284
B000003088,인천사리울초등학교,10.182072,valhalla_walk_park_proxy_cap_30000m2,지도 표시용 도보권 기준으로 녹지비율을 재산정했습니다. 대형 공원은 점 좌표+면적 원형 프록시가 생활권을 과대 덮을 수 있어 공원별 기여면적 상한을 적용했습니다. 기존 운영 iso_green_ratio와 Case는 변경하지 않습니다.,valhalla_walk,299816.5247,32010.56,30527.5334,2,1,늘솔길공원,3.1165417476767607,5.737084,4.444988
B000002957,인천공항초등학교,11.903178,valhalla_walk_park_proxy_cap_30000m2,지도 표시용 도보권 기준으로 녹지비율을 재산정했습니다. 대형 공원은 점 좌표+면적 원형 프록시가 생활권을 과대 덮을 수 있어 공원별 기여면적 상한을 적용했습니다. 기존 운영 iso_green_ratio와 Case는 변경하지 않습니다.,valhalla_walk,409725.1904,43952.9205,48770.3207,5,0,,5.766016684276104,7.44173,4.461448
B000003075,인천구월서초등학교,7.242792,valhalla_walk_park_proxy_cap_30000m2,지도 표시용 도보권 기준으로 녹지비율을 재산정했습니다. 대형 공원은 점 좌표+면적 원형 프록시가 생활권을 과대 덮을 수 있어 공원별 기여면적 상한을 적용했습니다. 기존 운영 iso_green_ratio와 Case는 변경하지 않습니다.,valhalla_walk,481010.7852,46292.263,34838.6115,6,1,석바위공원,10.099275952460111,10.249385,-3.006593
B000002964,인천송현초등학교,0.212562,valhalla_walk_park_proxy_cap_30000m2,지도 표시용 도보권 기준으로 녹지비율을 재산정했습니다. 대형 공원은 점 좌표+면적 원형 프록시가 생활권을 과대 덮을 수 있어 공원별 기여면적 상한을 적용했습니다. 기존 운영 iso_green_ratio와 Case는 변경하지 않습니다.,valhalla_walk,493087.4586,1048.1144,1048.1144,2,0,,0.226300307790341,0.226734,-0.014172
B000003051,인천능허대초등학교,0.702402,valhalla_walk_park_proxy_cap_30000m2,지도 표시용 도보권 기준으로 녹지비율을 재산정했습니다. 대형 공원은 점 좌표+면적 원형 프록시가 생활권을 과대 덮을 수 있어 공원별 기여면적 상한을 적용했습니다. 기존 운영 iso_green_ratio와 Case는 변경하지 않습니다.,valhalla_walk,536897.9905,3771.1808,3771.1808,2,0,,0.9432306022962966,0.878686,-0.176284
B000003035,인천산곡남초등학교,0.0,valhalla_walk_park_proxy_cap_30000m2,지도 표시용 도보권 기준으로 녹지비율을 재산정했습니다. 대형 공원은 점 좌표+면적 원형 프록시가 생활권을 과대 덮을 수 있어 공원별 기여면적 상한을 적용했습니다. 기존 운영 iso_green_ratio와 Case는 변경하지 않습니다.,valhalla_walk,390230.0706,0.0,0.0,0,0,,0.0,0.126758,-0.126758
B000003152,인천검단초등학교,2.671418,valhalla_walk_park_proxy_cap_30000m2,지도 표시용 도보권 기준으로 녹지비율을 재산정했습니다. 대형 공원은 점 좌표+면적 원형 프록시가 생활권을 과대 덮을 수 있어 공원별 기여면적 상한을 적용했습니다. 기존 운영 iso_green_ratio와 Case는 변경하지 않습니다.,valhalla_walk,228088.5105,6093.1972,6093.1972,2,0,,0.0952727367354588,0.089642,2.581776
B000003107,인천효성동초등학교,0.0,apt_adjusted_walk_park_proxy_cap_30000m2,지도 표시용 도보권 기준으로 녹지비율을 재산정했습니다. 대형 공원은 점 좌표+면적 원형 프록시가 생활권을 과대 덮을 수 있어 공원별 기여면적 상한을 적용했습니다. 기존 운영 iso_green_ratio와 Case는 변경하지 않습니다.,apt_adjusted_walk,317522.9992,0.0,0.0,0,0,,0.0,0.0,0.0
B000003166,인천마전초등학교,2.63441,valhalla_walk_park_proxy_cap_30000m2,지도 표시용 도보권 기준으로 녹지비율을 재산정했습니다. 대형 공원은 점 좌표+면적 원형 프록시가 생활권을 과대 덮을 수 있어 공원별 기여면적 상한을 적용했습니다. 기존 운영 iso_green_ratio와 Case는 변경하지 않습니다.,valhalla_walk,245435.5095,6465.7775,6465.7775,3,0,,1.4380349794089298,1.58793,1.04648
B000003105,인천서창초등학교,1.128791,valhalla_walk_park_proxy_cap_30000m2,지도 표시용 도보권 기준으로 녹지비율을 재산정했습니다. 대형 공원은 점 좌표+면적 원형 프록시가 생활권을 과대 덮을 수 있어 공원별 기여면적 상한을 적용했습니다. 기존 운영 iso_green_ratio와 Case는 변경하지 않습니다.,valhalla_walk,353799.8843,2436.1664,3993.6617,3,0,,3.0334957987141355,2.294752,-1.165961
B000002979,인천문학초등학교,2.219829,valhalla_walk_park_proxy_cap_30000m2,지도 표시용 도보권 기준으로 녹지비율을 재산정했습니다. 대형 공원은 점 좌표+면적 원형 프록시가 생활권을 과대 덮을 수 있어 공원별 기여면적 상한을 적용했습니다. 기존 운영 iso_green_ratio와 Case는 변경하지 않습니다.,valhalla_walk,397017.1817,7406.18,8813.1034,6,0,,2.008905771584397,1.792882,0.426947
B000003030,인천부평남초등학교,5.310014,valhalla_walk_park_proxy_cap_30000m2,지도 표시용 도보권 기준으로 녹지비율을 재산정했습니다. 대형 공원은 점 좌표+면적 원형 프록시가 생활권을 과대 덮을 수 있어 공원별 기여면적 상한을 적용했습니다. 기존 운영 iso_green_ratio와 Case는 변경하지 않습니다.,valhalla_walk,400275.2996,21254.6755,21254.6755,1,0,,0.5329166459152997,3.234646,2.075368
B000003005,인천용현남초등학교자월분교장,0.0,valhalla_walk_park_proxy_cap_30000m2,지도 표시용 도보권 기준으로 녹지비율을 재산정했습니다. 대형 공원은 점 좌표+면적 원형 프록시가 생활권을 과대 덮을 수 있어 공원별 기여면적 상한을 적용했습니다. 기존 운영 iso_green_ratio와 Case는 변경하지 않습니다.,valhalla_walk,273408.8237,0.0,0.0,0,0,,0.0,0.0,0.0
B000003019,인천부광초등학교,7.554231,valhalla_walk_park_proxy_cap_30000m2,지도 표시용 도보권 기준으로 녹지비율을 재산정했습니다. 대형 공원은 점 좌표+면적 원형 프록시가 생활권을 과대 덮을 수 있어 공원별 기여면적 상한을 적용했습니다. 기존 운영 iso_green_ratio와 Case는 변경하지 않습니다.,valhalla_walk,535809.1913,38042.9934,40476.2645,7,0,,5.659629676069274,5.028189,2.526042
B000003040,인천동암초등학교,2.984691,valhalla_walk_park_proxy_cap_30000m2,지도 표시용 도보권 기준으로 녹지비율을 재산정했습니다. 대형 공원은 점 좌표+면적 원형 프록시가 생활권을 과대 덮을 수 있어 공원별 기여면적 상한을 적용했습니다. 기존 운영 iso_green_ratio와 Case는 변경하지 않습니다.,valhalla_walk,468150.7984,13972.8563,13972.8563,4,0,,1.1440424106102876,2.827429,0.157262
B000002984,인천승학초등학교,13.334573,valhalla_walk_park_proxy_cap_30000m2,지도 표시용 도보권 기준으로 녹지비율을 재산정했습니다. 대형 공원은 점 좌표+면적 원형 프록시가 생활권을 과대 덮을 수 있어 공원별 기여면적 상한을 적용했습니다. 기존 운영 iso_green_ratio와 Case는 변경하지 않습니다.,valhalla_walk,237717.1559,98744.7121,31698.5684,2,1,중앙공원,71.4070674088551,73.322776,-59.988203
B000003017,인천부내초등학교,13.992181,valhalla_walk_park_proxy_cap_30000m2,지도 표시용 도보권 기준으로 녹지비율을 재산정했습니다. 대형 공원은 점 좌표+면적 원형 프록시가 생활권을 과대 덮을 수 있어 공원별 기여면적 상한을 적용했습니다. 기존 운영 iso_green_ratio와 Case는 변경하지 않습니다.,valhalla_walk,201725.1094,25792.4705,28225.7417,4,0,,28.65007072493161,11.365042,2.627139
B000002963,인천만석초등학교,4.432069,valhalla_walk_park_proxy_cap_30000m2,지도 표시용 도보권 기준으로 녹지비율을 재산정했습니다. 대형 공원은 점 좌표+면적 원형 프록시가 생활권을 과대 덮을 수 있어 공원별 기여면적 상한을 적용했습니다. 기존 운영 iso_green_ratio와 Case는 변경하지 않습니다.,valhalla_walk,449454.9686,19920.1561,19920.1561,4,0,,3.0621,3.0621,1.369969
B000003143,인천신석초등학교,7.3447,manual_sealed_green_ratio,봉인된 수동 검수 녹지비율을 표시값으로 유지합니다.,valhalla_walk,272160.2796,224.8278,224.8278,1,0,,7.3447,7.3447,0.0
B000003100,인천조동초등학교,6.516638,valhalla_walk_park_proxy_cap_30000m2,지도 표시용 도보권 기준으로 녹지비율을 재산정했습니다. 대형 공원은 점 좌표+면적 원형 프록시가 생활권을 과대 덮을 수 있어 공원별 기여면적 상한을 적용했습니다. 기존 운영 iso_green_ratio와 Case는 변경하지 않습니다.,valhalla_walk,394833.2535,25729.854,25729.854,4,0,,7.572030095857415,7.772486,-1.255848
B000025756,인천청호초등학교,6.35608,apt_adjusted_walk_park_proxy_cap_30000m2,지도 표시용 도보권 기준으로 녹지비율을 재산정했습니다. 대형 공원은 점 좌표+면적 원형 프록시가 생활권을 과대 덮을 수 있어 공원별 기여면적 상한을 적용했습니다. 기존 운영 iso_green_ratio와 Case는 변경하지 않습니다.,apt_adjusted_walk,521234.4531,69317.186,33130.0812,3,1,물병자리공원,27.81240531508432,13.298658,-6.942578
B000022832,인천한빛초등학교,9.752428,apt_adjusted_walk_park_proxy_cap_30000m2,지도 표시용 도보권 기준으로 녹지비율을 재산정했습니다. 대형 공원은 점 좌표+면적 원형 프록시가 생활권을 과대 덮을 수 있어 공원별 기여면적 상한을 적용했습니다. 기존 운영 iso_green_ratio와 Case는 변경하지 않습니다.,apt_adjusted_walk,318681.8838,31028.5493,31079.2227,5,0,,20.554514823797074,9.736528,0.0159
B000003106,경인교육대학교부설초등학교,6.337875,valhalla_walk_park_proxy_cap_30000m2,지도 표시용 도보권 기준으로 녹지비율을 재산정했습니다. 대형 공원은 점 좌표+면적 원형 프록시가 생활권을 과대 덮을 수 있어 공원별 기여면적 상한을 적용했습니다. 기존 운영 iso_green_ratio와 Case는 변경하지 않습니다.,valhalla_walk,252425.5074,15998.4123,15998.4123,1,0,,7.433702014238877,5.553494,0.784381
B000003020,인천일신초등학교,0.963834,valhalla_walk_park_proxy_cap_30000m2,지도 표시용 도보권 기준으로 녹지비율을 재산정했습니다. 대형 공원은 점 좌표+면적 원형 프록시가 생활권을 과대 덮을 수 있어 공원별 기여면적 상한을 적용했습니다. 기존 운영 iso_green_ratio와 Case는 변경하지 않습니다.,valhalla_walk,468518.4272,4515.7378,4515.7378,2,0,,1.510163863251238,1.281989,-0.318155
B000003046,인천굴포초등학교,7.471079,valhalla_walk_park_proxy_cap_30000m2,지도 표시용 도보권 기준으로 녹지비율을 재산정했습니다. 대형 공원은 점 좌표+면적 원형 프록시가 생활권을 과대 덮을 수 있어 공원별 기여면적 상한을 적용했습니다. 기존 운영 iso_green_ratio와 Case는 변경하지 않습니다.,valhalla_walk,301522.3541,22526.0887,22526.9721,4,0,,5.171329043029595,4.958081,2.512998
B000003042,인천마장초등학교,0.0,apt_adjusted_walk_park_proxy_cap_30000m2,지도 표시용 도보권 기준으로 녹지비율을 재산정했습니다. 대형 공원은 점 좌표+면적 원형 프록시가 생활권을 과대 덮을 수 있어 공원별 기여면적 상한을 적용했습니다. 기존 운영 iso_green_ratio와 Case는 변경하지 않습니다.,apt_adjusted_walk,441281.4594,0.0,0.0,0,0,,0.0,0.0,0.0
B000002991,인천인주초등학교,2.397934,valhalla_walk_park_proxy_cap_30000m2,지도 표시용 도보권 기준으로 녹지비율을 재산정했습니다. 대형 공원은 점 좌표+면적 원형 프록시가 생활권을 과대 덮을 수 있어 공원별 기여면적 상한을 적용했습니다. 기존 운영 iso_green_ratio와 Case는 변경하지 않습니다.,valhalla_walk,495739.2898,10964.1268,11887.5009,7,0,,1.5948290557003468,3.794089,-1.396155
B000003034,인천미산초등학교,0.0,apt_adjusted_walk_park_proxy_cap_30000m2,지도 표시용 도보권 기준으로 녹지비율을 재산정했습니다. 대형 공원은 점 좌표+면적 원형 프록시가 생활권을 과대 덮을 수 있어 공원별 기여면적 상한을 적용했습니다. 기존 운영 iso_green_ratio와 Case는 변경하지 않습니다.,apt_adjusted_walk,259493.4766,0.0,0.0,0,0,,0.0,0.0,0.0
B000003102,인천장수초등학교,0.930519,valhalla_walk_park_proxy_cap_30000m2,지도 표시용 도보권 기준으로 녹지비율을 재산정했습니다. 대형 공원은 점 좌표+면적 원형 프록시가 생활권을 과대 덮을 수 있어 공원별 기여면적 상한을 적용했습니다. 기존 운영 iso_green_ratio와 Case는 변경하지 않습니다.,valhalla_walk,256466.6462,2386.4717,2386.4717,2,0,,2.2217,2.2217,-1.291181
B000002989,인천주안남초등학교,0.323837,valhalla_walk_park_proxy_cap_30000m2,지도 표시용 도보권 기준으로 녹지비율을 재산정했습니다. 대형 공원은 점 좌표+면적 원형 프록시가 생활권을 과대 덮을 수 있어 공원별 기여면적 상한을 적용했습니다. 기존 운영 iso_green_ratio와 Case는 변경하지 않습니다.,valhalla_walk,509683.3202,1650.5456,1650.5456,1,0,,0.4263408185968763,0.32624,-0.002403
B000003077,상인천초등학교,0.78003,valhalla_walk_park_proxy_cap_30000m2,지도 표시용 도보권 기준으로 녹지비율을 재산정했습니다. 대형 공원은 점 좌표+면적 원형 프록시가 생활권을 과대 덮을 수 있어 공원별 기여면적 상한을 적용했습니다. 기존 운영 iso_green_ratio와 Case는 변경하지 않습니다.,valhalla_walk,455538.4255,3553.3384,3553.3384,2,0,,1.9273,1.9273,-1.14727
B000003060,인천동막초등학교,1.668727,apt_adjusted_walk_park_proxy_cap_30000m2,지도 표시용 도보권 기준으로 녹지비율을 재산정했습니다. 대형 공원은 점 좌표+면적 원형 프록시가 생활권을 과대 덮을 수 있어 공원별 기여면적 상한을 적용했습니다. 기존 운영 iso_green_ratio와 Case는 변경하지 않습니다.,apt_adjusted_walk,396439.8986,6615.501,6615.501,3,0,,2.6499910528741064,1.668727,0.0
B000002969,인천동명초등학교,1.707777,valhalla_walk_park_proxy_cap_30000m2,지도 표시용 도보권 기준으로 녹지비율을 재산정했습니다. 대형 공원은 점 좌표+면적 원형 프록시가 생활권을 과대 덮을 수 있어 공원별 기여면적 상한을 적용했습니다. 기존 운영 iso_green_ratio와 Case는 변경하지 않습니다.,valhalla_walk,472879.9332,8075.7366,8075.7366,1,0,,0.1523607048822965,0.217184,1.490593
B000002990,인천학익초등학교,0.852682,manual_sealed_green_ratio,봉인된 수동 검수 녹지비율을 표시값으로 유지합니다.,valhalla_walk,201053.3851,0.0,0.0,0,0,,0.8526816371937526,0.852682,-0.0
B000003104,인천남동초등학교,2.278153,apt_adjusted_walk_park_proxy_cap_30000m2,지도 표시용 도보권 기준으로 녹지비율을 재산정했습니다. 대형 공원은 점 좌표+면적 원형 프록시가 생활권을 과대 덮을 수 있어 공원별 기여면적 상한을 적용했습니다. 기존 운영 iso_green_ratio와 Case는 변경하지 않습니다.,apt_adjusted_walk,480943.6177,10956.6309,10956.6309,7,0,,3.582388596428224,2.278153,-0.0
B000003047,한일초등학교,1.499527,valhalla_walk_park_proxy_cap_30000m2,지도 표시용 도보권 기준으로 녹지비율을 재산정했습니다. 대형 공원은 점 좌표+면적 원형 프록시가 생활권을 과대 덮을 수 있어 공원별 기여면적 상한을 적용했습니다. 기존 운영 iso_green_ratio와 Case는 변경하지 않습니다.,valhalla_walk,138245.5087,2073.0293,2073.0293,1,0,,0.0,0.0,1.499527
B000003091,인천주원초등학교,3.335156,apt_adjusted_walk_park_proxy_cap_30000m2,지도 표시용 도보권 기준으로 녹지비율을 재산정했습니다. 대형 공원은 점 좌표+면적 원형 프록시가 생활권을 과대 덮을 수 있어 공원별 기여면적 상한을 적용했습니다. 기존 운영 iso_green_ratio와 Case는 변경하지 않습니다.,apt_adjusted_walk,304264.0477,10147.6806,10147.6806,2,0,,0.0,3.335156,-0.0
B000003032,인천산곡초등학교,0.0,apt_adjusted_walk_park_proxy_cap_30000m2,지도 표시용 도보권 기준으로 녹지비율을 재산정했습니다. 대형 공원은 점 좌표+면적 원형 프록시가 생활권을 과대 덮을 수 있어 공원별 기여면적 상한을 적용했습니다. 기존 운영 iso_green_ratio와 Case는 변경하지 않습니다.,apt_adjusted_walk,138294.5761,0.0,0.0,0,0,,0.0,0.0,0.0
B000003076,인천상아초등학교,0.584412,apt_adjusted_walk_park_proxy_cap_30000m2,지도 표시용 도보권 기준으로 녹지비율을 재산정했습니다. 대형 공원은 점 좌표+면적 원형 프록시가 생활권을 과대 덮을 수 있어 공원별 기여면적 상한을 적용했습니다. 기존 운영 iso_green_ratio와 Case는 변경하지 않습니다.,apt_adjusted_walk,299075.5665,1747.8348,1747.8348,2,0,,0.0,0.584412,0.0
B000003055,인천함박초등학교,8.091936,valhalla_walk_park_proxy_cap_30000m2,지도 표시용 도보권 기준으로 녹지비율을 재산정했습니다. 대형 공원은 점 좌표+면적 원형 프록시가 생활권을 과대 덮을 수 있어 공원별 기여면적 상한을 적용했습니다. 기존 운영 iso_green_ratio와 Case는 변경하지 않습니다.,valhalla_walk,446372.3768,406568.5117,36120.1691,2,1,장미공원,86.17997786576106,85.508648,-77.416712
B000003052,인천선학초등학교,6.920216,valhalla_walk_park_proxy_cap_30000m2,지도 표시용 도보권 기준으로 녹지비율을 재산정했습니다. 대형 공원은 점 좌표+면적 원형 프록시가 생활권을 과대 덮을 수 있어 공원별 기여면적 상한을 적용했습니다. 기존 운영 iso_green_ratio와 Case는 변경하지 않습니다.,valhalla_walk,309145.4505,21393.5333,21393.5333,2,0,,3.80599365093397,4.40495,2.515266
B000002953,인천운서초등학교,16.196922,valhalla_walk_park_proxy_cap_30000m2,지도 표시용 도보권 기준으로 녹지비율을 재산정했습니다. 대형 공원은 점 좌표+면적 원형 프록시가 생활권을 과대 덮을 수 있어 공원별 기여면적 상한을 적용했습니다. 기존 운영 iso_green_ratio와 Case는 변경하지 않습니다.,valhalla_walk,380458.6063,58411.7466,61622.5829,8,0,,7.186789084640512,8.364147,7.832775
B000003069,인천박문초등학교,17.043493,apt_adjusted_walk_park_proxy_cap_30000m2,지도 표시용 도보권 기준으로 녹지비율을 재산정했습니다. 대형 공원은 점 좌표+면적 원형 프록시가 생활권을 과대 덮을 수 있어 공원별 기여면적 상한을 적용했습니다. 기존 운영 iso_green_ratio와 Case는 변경하지 않습니다.,apt_adjusted_walk,253157.6284,119655.1881,43146.9028,5,1,동춘4공원,65.54677045166945,47.265093,-30.2216
B000003022,인천상정초등학교,5.836566,valhalla_walk_park_proxy_cap_30000m2,지도 표시용 도보권 기준으로 녹지비율을 재산정했습니다. 대형 공원은 점 좌표+면적 원형 프록시가 생활권을 과대 덮을 수 있어 공원별 기여면적 상한을 적용했습니다. 기존 운영 iso_green_ratio와 Case는 변경하지 않습니다.,valhalla_walk,334979.2178,19551.2832,19551.2832,3,0,,2.085138946738022,2.440363,3.396203
B000002973,인천용일초등학교,0.656305,valhalla_walk_park_proxy_cap_30000m2,지도 표시용 도보권 기준으로 녹지비율을 재산정했습니다. 대형 공원은 점 좌표+면적 원형 프록시가 생활권을 과대 덮을 수 있어 공원별 기여면적 상한을 적용했습니다. 기존 운영 iso_green_ratio와 Case는 변경하지 않습니다.,valhalla_walk,523198.119,3433.7778,3433.7778,1,0,,0.8928494114540239,0.890279,-0.233974
B000003155,인천목향초등학교,0.0,apt_adjusted_walk_park_proxy_cap_30000m2,지도 표시용 도보권 기준으로 녹지비율을 재산정했습니다. 대형 공원은 점 좌표+면적 원형 프록시가 생활권을 과대 덮을 수 있어 공원별 기여면적 상한을 적용했습니다. 기존 운영 iso_green_ratio와 Case는 변경하지 않습니다.,apt_adjusted_walk,159535.3202,0.0,0.0,0,0,,0.0,0.0,0.0
B000003089,인천고잔초등학교,12.649532,apt_adjusted_walk_park_proxy_cap_30000m2,지도 표시용 도보권 기준으로 녹지비율을 재산정했습니다. 대형 공원은 점 좌표+면적 원형 프록시가 생활권을 과대 덮을 수 있어 공원별 기여면적 상한을 적용했습니다. 기존 운영 iso_green_ratio와 Case는 변경하지 않습니다.,apt_adjusted_walk,423965.1554,83954.795,53629.6095,6,1,늘솔길공원,11.647163671421632,19.802287,-7.152755
B000003096,인천소래초등학교,1.099688,apt_adjusted_walk_park_proxy_cap_30000m2,지도 표시용 도보권 기준으로 녹지비율을 재산정했습니다. 대형 공원은 점 좌표+면적 원형 프록시가 생활권을 과대 덮을 수 있어 공원별 기여면적 상한을 적용했습니다. 기존 운영 iso_green_ratio와 Case는 변경하지 않습니다.,apt_adjusted_walk,294413.209,3237.6278,3237.6278,2,0,,2.011603983849624,1.099688,0.0
B000002977,인천백학초등학교,8.530424,valhalla_walk_park_proxy_cap_30000m2,지도 표시용 도보권 기준으로 녹지비율을 재산정했습니다. 대형 공원은 점 좌표+면적 원형 프록시가 생활권을 과대 덮을 수 있어 공원별 기여면적 상한을 적용했습니다. 기존 운영 iso_green_ratio와 Case는 변경하지 않습니다.,valhalla_walk,426186.0573,105931.2581,36355.4792,5,1,문학공원,28.69041298381313,24.076221,-15.545797
B000003056,인천청학초등학교,14.451874,valhalla_walk_park_proxy_cap_30000m2,지도 표시용 도보권 기준으로 녹지비율을 재산정했습니다. 대형 공원은 점 좌표+면적 원형 프록시가 생활권을 과대 덮을 수 있어 공원별 기여면적 상한을 적용했습니다. 기존 운영 iso_green_ratio와 Case는 변경하지 않습니다.,valhalla_walk,458574.9522,129502.3017,66272.6726,6,1,청능공원,22.98339402757174,22.066338,-7.614464
B000003073,인천정각초등학교,0.244647,apt_adjusted_walk_park_proxy_cap_30000m2,지도 표시용 도보권 기준으로 녹지비율을 재산정했습니다. 대형 공원은 점 좌표+면적 원형 프록시가 생활권을 과대 덮을 수 있어 공원별 기여면적 상한을 적용했습니다. 기존 운영 iso_green_ratio와 Case는 변경하지 않습니다.,apt_adjusted_walk,522753.1241,1278.9022,1278.9022,2,0,,0.0742395029758699,0.244647,0.0
B000003130,인천명현초등학교,1.049332,valhalla_walk_park_proxy_cap_30000m2,지도 표시용 도보권 기준으로 녹지비율을 재산정했습니다. 대형 공원은 점 좌표+면적 원형 프록시가 생활권을 과대 덮을 수 있어 공원별 기여면적 상한을 적용했습니다. 기존 운영 iso_green_ratio와 Case는 변경하지 않습니다.,valhalla_walk,452188.0504,4744.9544,4744.9544,2,0,,1.2821159931264754,1.020364,0.028968
B000002974,인천용현초등학교,2.870589,apt_adjusted_walk_park_proxy_cap_30000m2,지도 표시용 도보권 기준으로 녹지비율을 재산정했습니다. 대형 공원은 점 좌표+면적 원형 프록시가 생활권을 과대 덮을 수 있어 공원별 기여면적 상한을 적용했습니다. 기존 운영 iso_green_ratio와 Case는 변경하지 않습니다.,apt_adjusted_walk,417190.6168,11428.9041,11975.828,5,0,,2.869651381442168,2.739492,0.131097
B000003151,인천능내초등학교,15.698333,valhalla_walk_park_proxy_cap_30000m2,지도 표시용 도보권 기준으로 녹지비율을 재산정했습니다. 대형 공원은 점 좌표+면적 원형 프록시가 생활권을 과대 덮을 수 있어 공원별 기여면적 상한을 적용했습니다. 기존 운영 iso_green_ratio와 Case는 변경하지 않습니다.,valhalla_walk,272630.3322,46950.2935,42798.4177,2,1,능내공원,21.723928355878165,17.019311,-1.320978
B000003058,인천연성초등학교,4.203654,apt_adjusted_walk_park_proxy_cap_30000m2,지도 표시용 도보권 기준으로 녹지비율을 재산정했습니다. 대형 공원은 점 좌표+면적 원형 프록시가 생활권을 과대 덮을 수 있어 공원별 기여면적 상한을 적용했습니다. 기존 운영 iso_green_ratio와 Case는 변경하지 않습니다.,apt_adjusted_walk,248971.2012,10465.8873,10465.8873,1,0,,8.884607052737847,4.203654,-0.0
B000003062,인천연수초등학교,0.249196,apt_adjusted_walk_park_proxy_cap_30000m2,지도 표시용 도보권 기준으로 녹지비율을 재산정했습니다. 대형 공원은 점 좌표+면적 원형 프록시가 생활권을 과대 덮을 수 있어 공원별 기여면적 상한을 적용했습니다. 기존 운영 iso_green_ratio와 Case는 변경하지 않습니다.,apt_adjusted_walk,205273.3337,511.5321,511.5321,1,0,,0.0,0.249196,-0.0
B000003080,인천동부초등학교,0.280193,apt_adjusted_walk_park_proxy_cap_30000m2,지도 표시용 도보권 기준으로 녹지비율을 재산정했습니다. 대형 공원은 점 좌표+면적 원형 프록시가 생활권을 과대 덮을 수 있어 공원별 기여면적 상한을 적용했습니다. 기존 운영 iso_green_ratio와 Case는 변경하지 않습니다.,apt_adjusted_walk,447769.1161,1254.6194,1254.6194,4,0,,0.4456412561200761,0.280193,0.0
B000003154,인천불로초등학교,1.521519,valhalla_walk_park_proxy_cap_30000m2,지도 표시용 도보권 기준으로 녹지비율을 재산정했습니다. 대형 공원은 점 좌표+면적 원형 프록시가 생활권을 과대 덮을 수 있어 공원별 기여면적 상한을 적용했습니다. 기존 운영 iso_green_ratio와 Case는 변경하지 않습니다.,valhalla_walk,271008.655,4123.4493,4123.4493,4,0,,1.3698215161240537,0.857634,0.663885
B000003181,송해초등학교,0.0,apt_adjusted_walk_park_proxy_cap_30000m2,지도 표시용 도보권 기준으로 녹지비율을 재산정했습니다. 대형 공원은 점 좌표+면적 원형 프록시가 생활권을 과대 덮을 수 있어 공원별 기여면적 상한을 적용했습니다. 기존 운영 iso_green_ratio와 Case는 변경하지 않습니다.,apt_adjusted_walk,784137.1226,0.0,0.0,0,0,,0.0,0.0,0.0
B000003145,인천천마초등학교,0.426341,manual_sealed_green_ratio,봉인된 수동 검수 녹지비율을 표시값으로 유지합니다.,valhalla_walk,184510.5952,695.9803,695.9803,1,0,,0.4263408185968763,0.426341,-0.0
B000003018,인천부개서초등학교,2.340023,valhalla_walk_park_proxy_cap_30000m2,지도 표시용 도보권 기준으로 녹지비율을 재산정했습니다. 대형 공원은 점 좌표+면적 원형 프록시가 생활권을 과대 덮을 수 있어 공원별 기여면적 상한을 적용했습니다. 기존 운영 iso_green_ratio와 Case는 변경하지 않습니다.,valhalla_walk,376464.9566,8809.3677,8809.3677,2,0,,0.5277954968138828,2.09616,0.243863
B000003188,내가초등학교,0.0,valhalla_walk_park_proxy_cap_30000m2,지도 표시용 도보권 기준으로 녹지비율을 재산정했습니다. 대형 공원은 점 좌표+면적 원형 프록시가 생활권을 과대 덮을 수 있어 공원별 기여면적 상한을 적용했습니다. 기존 운영 iso_green_ratio와 Case는 변경하지 않습니다.,valhalla_walk,185207.4828,0.0,0.0,0,0,,0.0,0.0,0.0
B000002954,인천용유초등학교,0.0,valhalla_walk_park_proxy_cap_30000m2,지도 표시용 도보권 기준으로 녹지비율을 재산정했습니다. 대형 공원은 점 좌표+면적 원형 프록시가 생활권을 과대 덮을 수 있어 공원별 기여면적 상한을 적용했습니다. 기존 운영 iso_green_ratio와 Case는 변경하지 않습니다.,valhalla_walk,205104.2792,0.0,0.0,0,0,,0.0,0.0,0.0
B000002978,인천도화초등학교,10.996622,valhalla_walk_park_proxy_cap_30000m2,지도 표시용 도보권 기준으로 녹지비율을 재산정했습니다. 대형 공원은 점 좌표+면적 원형 프록시가 생활권을 과대 덮을 수 있어 공원별 기여면적 상한을 적용했습니다. 기존 운영 iso_green_ratio와 Case는 변경하지 않습니다.,valhalla_walk,272811.0539,58698.9843,30000.0,1,1,수봉공원,26.60052385385585,27.939833,-16.943211
B000003043,인천개흥초등학교,3.401915,valhalla_walk_park_proxy_cap_30000m2,지도 표시용 도보권 기준으로 녹지비율을 재산정했습니다. 대형 공원은 점 좌표+면적 원형 프록시가 생활권을 과대 덮을 수 있어 공원별 기여면적 상한을 적용했습니다. 기존 운영 iso_green_ratio와 Case는 변경하지 않습니다.,valhalla_walk,528919.6679,17993.3985,17993.3985,3,0,,2.937836028445912,2.759695,0.64222
B000003090,인천약산초등학교,7.053455,apt_adjusted_walk_park_proxy_cap_30000m2,지도 표시용 도보권 기준으로 녹지비율을 재산정했습니다. 대형 공원은 점 좌표+면적 원형 프록시가 생활권을 과대 덮을 수 있어 공원별 기여면적 상한을 적용했습니다. 기존 운영 iso_green_ratio와 Case는 변경하지 않습니다.,apt_adjusted_walk,613410.4616,43266.6333,43266.6333,5,0,,11.187478043134576,7.053455,0.0
B000003146,인천봉수초등학교,0.0,valhalla_walk_park_proxy_cap_30000m2,지도 표시용 도보권 기준으로 녹지비율을 재산정했습니다. 대형 공원은 점 좌표+면적 원형 프록시가 생활권을 과대 덮을 수 있어 공원별 기여면적 상한을 적용했습니다. 기존 운영 iso_green_ratio와 Case는 변경하지 않습니다.,valhalla_walk,385530.2867,0.0,0.0,0,0,,0.0,0.0,0.0
B000003084,인천은봉초등학교,7.365198,valhalla_walk_park_proxy_cap_30000m2,지도 표시용 도보권 기준으로 녹지비율을 재산정했습니다. 대형 공원은 점 좌표+면적 원형 프록시가 생활권을 과대 덮을 수 있어 공원별 기여면적 상한을 적용했습니다. 기존 운영 iso_green_ratio와 Case는 변경하지 않습니다.,valhalla_walk,427898.3814,50573.4945,31515.5627,2,1,논현중앙공원,15.89041235203141,12.87027,-5.505072
B000003174,양도초등학교,0.0,valhalla_walk_park_proxy_cap_30000m2,지도 표시용 도보권 기준으로 녹지비율을 재산정했습니다. 대형 공원은 점 좌표+면적 원형 프록시가 생활권을 과대 덮을 수 있어 공원별 기여면적 상한을 적용했습니다. 기존 운영 iso_green_ratio와 Case는 변경하지 않습니다.,valhalla_walk,259377.0041,0.0,0.0,0,0,,0.0,0.0,0.0
B000025193,인천만월초등학교,11.917924,apt_adjusted_walk_park_proxy_cap_30000m2,지도 표시용 도보권 기준으로 녹지비율을 재산정했습니다. 대형 공원은 점 좌표+면적 원형 프록시가 생활권을 과대 덮을 수 있어 공원별 기여면적 상한을 적용했습니다. 기존 운영 iso_green_ratio와 Case는 변경하지 않습니다.,apt_adjusted_walk,283704.1794,33811.6489,33811.6489,3,0,,7.250148614940412,11.917924,0.0
B000025226,인천송일초등학교,8.503821,valhalla_walk_park_proxy_cap_30000m2,지도 표시용 도보권 기준으로 녹지비율을 재산정했습니다. 대형 공원은 점 좌표+면적 원형 프록시가 생활권을 과대 덮을 수 있어 공원별 기여면적 상한을 적용했습니다. 기존 운영 iso_green_ratio와 Case는 변경하지 않습니다.,valhalla_walk,370389.8577,129565.1794,31497.2921,2,1,소리공원(송도26호공원),41.21488089796534,23.82459,-15.320769
B000003014,인천진산초등학교,4.451032,apt_adjusted_walk_park_proxy_cap_30000m2,지도 표시용 도보권 기준으로 녹지비율을 재산정했습니다. 대형 공원은 점 좌표+면적 원형 프록시가 생활권을 과대 덮을 수 있어 공원별 기여면적 상한을 적용했습니다. 기존 운영 iso_green_ratio와 Case는 변경하지 않습니다.,apt_adjusted_walk,165949.313,7386.4564,7386.4564,2,0,,14.020999494165734,4.451032,-0.0
B000002972,인천용정초등학교,5.034925,valhalla_walk_park_proxy_cap_30000m2,지도 표시용 도보권 기준으로 녹지비율을 재산정했습니다. 대형 공원은 점 좌표+면적 원형 프록시가 생활권을 과대 덮을 수 있어 공원별 기여면적 상한을 적용했습니다. 기존 운영 iso_green_ratio와 Case는 변경하지 않습니다.,valhalla_walk,529762.799,26673.1577,26673.1577,1,0,,2.600076070231589,2.600076,2.434849
B000003070,인천남촌초등학교,1.58317,valhalla_walk_park_proxy_cap_30000m2,지도 표시용 도보권 기준으로 녹지비율을 재산정했습니다. 대형 공원은 점 좌표+면적 원형 프록시가 생활권을 과대 덮을 수 있어 공원별 기여면적 상한을 적용했습니다. 기존 운영 iso_green_ratio와 Case는 변경하지 않습니다.,valhalla_walk,447378.792,7082.7688,7082.7688,3,0,,1.7200908008865228,1.692205,-0.109035
B000003115,인천신대초등학교,5.724894,apt_adjusted_walk_park_proxy_cap_30000m2,지도 표시용 도보권 기준으로 녹지비율을 재산정했습니다. 대형 공원은 점 좌표+면적 원형 프록시가 생활권을 과대 덮을 수 있어 공원별 기여면적 상한을 적용했습니다. 기존 운영 iso_green_ratio와 Case는 변경하지 않습니다.,apt_adjusted_walk,287370.8761,16451.6793,16451.6793,5,0,,7.370226657192775,5.724894,0.0
B000002958,인천삼목초등학교,5.582276,apt_adjusted_walk_park_proxy_cap_30000m2,지도 표시용 도보권 기준으로 녹지비율을 재산정했습니다. 대형 공원은 점 좌표+면적 원형 프록시가 생활권을 과대 덮을 수 있어 공원별 기여면적 상한을 적용했습니다. 기존 운영 iso_green_ratio와 Case는 변경하지 않습니다.,apt_adjusted_walk,302210.6944,16870.2361,16870.2361,4,0,,1.622349304404343,5.582276,0.0
B000003011,인천갈산초등학교,2.535788,apt_adjusted_walk_park_proxy_cap_30000m2,지도 표시용 도보권 기준으로 녹지비율을 재산정했습니다. 대형 공원은 점 좌표+면적 원형 프록시가 생활권을 과대 덮을 수 있어 공원별 기여면적 상한을 적용했습니다. 기존 운영 iso_green_ratio와 Case는 변경하지 않습니다.,apt_adjusted_walk,225774.4113,5725.1594,5725.1594,3,0,,4.009450590234919,2.535788,-0.0
B000003156,인천왕길초등학교,3.613918,valhalla_walk_park_proxy_cap_30000m2,지도 표시용 도보권 기준으로 녹지비율을 재산정했습니다. 대형 공원은 점 좌표+면적 원형 프록시가 생활권을 과대 덮을 수 있어 공원별 기여면적 상한을 적용했습니다. 기존 운영 iso_green_ratio와 Case는 변경하지 않습니다.,valhalla_walk,422844.3649,15281.2498,15281.2498,3,0,,3.5128189699437247,2.759205,0.854713
B000003093,인천석천초등학교,0.386289,valhalla_walk_park_proxy_cap_30000m2,지도 표시용 도보권 기준으로 녹지비율을 재산정했습니다. 대형 공원은 점 좌표+면적 원형 프록시가 생활권을 과대 덮을 수 있어 공원별 기여면적 상한을 적용했습니다. 기존 운영 iso_green_ratio와 Case는 변경하지 않습니다.,valhalla_walk,392597.9818,1516.5611,1516.5611,1,0,,0.0,0.0,0.386289
B000002966,인천송림초등학교,3.71412,valhalla_walk_park_proxy_cap_30000m2,지도 표시용 도보권 기준으로 녹지비율을 재산정했습니다. 대형 공원은 점 좌표+면적 원형 프록시가 생활권을 과대 덮을 수 있어 공원별 기여면적 상한을 적용했습니다. 기존 운영 iso_green_ratio와 Case는 변경하지 않습니다.,valhalla_walk,546182.2391,20285.863,20285.863,3,0,,1.9298303990683008,3.878186,-0.164066
B000003036,인천신촌초등학교,6.473986,valhalla_walk_park_proxy_cap_30000m2,지도 표시용 도보권 기준으로 녹지비율을 재산정했습니다. 대형 공원은 점 좌표+면적 원형 프록시가 생활권을 과대 덮을 수 있어 공원별 기여면적 상한을 적용했습니다. 기존 운영 iso_green_ratio와 Case는 변경하지 않습니다.,valhalla_walk,463393.0119,40922.5913,30000.0,1,1,함봉공원(1단계),6.234053939941079,4.462028,2.011958
B000003028,인천부흥초등학교,0.625353,valhalla_walk_park_proxy_cap_30000m2,지도 표시용 도보권 기준으로 녹지비율을 재산정했습니다. 대형 공원은 점 좌표+면적 원형 프록시가 생활권을 과대 덮을 수 있어 공원별 기여면적 상한을 적용했습니다. 기존 운영 iso_green_ratio와 Case는 변경하지 않습니다.,valhalla_walk,599656.1151,3749.9693,3749.9693,1,0,,0.8246578175469447,0.774106,-0.148753
B000002971,인천숭의초등학교,0.0,valhalla_walk_park_proxy_cap_30000m2,지도 표시용 도보권 기준으로 녹지비율을 재산정했습니다. 대형 공원은 점 좌표+면적 원형 프록시가 생활권을 과대 덮을 수 있어 공원별 기여면적 상한을 적용했습니다. 기존 운영 iso_green_ratio와 Case는 변경하지 않습니다.,valhalla_walk,381064.1413,0.0,0.0,0,0,,0.0,0.0,0.0
B000003029,인천부평동초등학교,0.443084,valhalla_walk_park_proxy_cap_30000m2,지도 표시용 도보권 기준으로 녹지비율을 재산정했습니다. 대형 공원은 점 좌표+면적 원형 프록시가 생활권을 과대 덮을 수 있어 공원별 기여면적 상한을 적용했습니다. 기존 운영 iso_green_ratio와 Case는 변경하지 않습니다.,valhalla_walk,581797.6189,2577.8543,2577.8543,1,0,,0.5142,0.5142,-0.071116
B000026468,인천아람초등학교,1.940511,valhalla_walk_park_proxy_cap_30000m2,지도 표시용 도보권 기준으로 녹지비율을 재산정했습니다. 대형 공원은 점 좌표+면적 원형 프록시가 생활권을 과대 덮을 수 있어 공원별 기여면적 상한을 적용했습니다. 기존 운영 iso_green_ratio와 Case는 변경하지 않습니다.,valhalla_walk,126990.2125,2464.2585,2464.2585,2,0,,0.3536564936832223,0.205454,1.735057
B000025690,인천별빛초등학교,3.015038,apt_adjusted_walk_park_proxy_cap_30000m2,지도 표시용 도보권 기준으로 녹지비율을 재산정했습니다. 대형 공원은 점 좌표+면적 원형 프록시가 생활권을 과대 덮을 수 있어 공원별 기여면적 상한을 적용했습니다. 기존 운영 iso_green_ratio와 Case는 변경하지 않습니다.,apt_adjusted_walk,410318.3029,12371.2531,12371.2531,2,0,,5.969080528100306,3.015038,0.0
B000003038,인천십정초등학교,1.52581,valhalla_walk_park_proxy_cap_30000m2,지도 표시용 도보권 기준으로 녹지비율을 재산정했습니다. 대형 공원은 점 좌표+면적 원형 프록시가 생활권을 과대 덮을 수 있어 공원별 기여면적 상한을 적용했습니다. 기존 운영 iso_green_ratio와 Case는 변경하지 않습니다.,valhalla_walk,460260.9079,7022.7062,7022.7062,5,0,,1.7703980668232946,1.7609,-0.23509
B000003117,인천병방초등학교,0.738237,valhalla_walk_park_proxy_cap_30000m2,지도 표시용 도보권 기준으로 녹지비율을 재산정했습니다. 대형 공원은 점 좌표+면적 원형 프록시가 생활권을 과대 덮을 수 있어 공원별 기여면적 상한을 적용했습니다. 기존 운영 iso_green_ratio와 Case는 변경하지 않습니다.,valhalla_walk,544445.0007,4019.2932,4019.2932,4,0,,0.748796967467723,0.756149,-0.017912
B000002994,대청초등학교,0.0,valhalla_walk_park_proxy_cap_30000m2,지도 표시용 도보권 기준으로 녹지비율을 재산정했습니다. 대형 공원은 점 좌표+면적 원형 프록시가 생활권을 과대 덮을 수 있어 공원별 기여면적 상한을 적용했습니다. 기존 운영 iso_green_ratio와 Case는 변경하지 않습니다.,valhalla_walk,196861.5057,0.0,0.0,0,0,,0.0,0.0,0.0
B000025752,인천도담초등학교,9.816137,apt_adjusted_walk_park_proxy_cap_30000m2,지도 표시용 도보권 기준으로 녹지비율을 재산정했습니다. 대형 공원은 점 좌표+면적 원형 프록시가 생활권을 과대 덮을 수 있어 공원별 기여면적 상한을 적용했습니다. 기존 운영 iso_green_ratio와 Case는 변경하지 않습니다.,apt_adjusted_walk,431748.498,76202.4173,42381.0237,2,1,청라호수공원,10.134123259597953,17.649724,-7.833587
B000003135,인천공촌초등학교,13.886086,valhalla_walk_park_proxy_cap_30000m2,지도 표시용 도보권 기준으로 녹지비율을 재산정했습니다. 대형 공원은 점 좌표+면적 원형 프록시가 생활권을 과대 덮을 수 있어 공원별 기여면적 상한을 적용했습니다. 기존 운영 iso_green_ratio와 Case는 변경하지 않습니다.,valhalla_walk,242644.7278,39965.8079,33693.8544,4,1,서곶공원,20.31860888283999,23.09035,-9.204264
B000003049,인천축현초등학교,2.23589,valhalla_walk_park_proxy_cap_30000m2,지도 표시용 도보권 기준으로 녹지비율을 재산정했습니다. 대형 공원은 점 좌표+면적 원형 프록시가 생활권을 과대 덮을 수 있어 공원별 기여면적 상한을 적용했습니다. 기존 운영 iso_green_ratio와 Case는 변경하지 않습니다.,valhalla_walk,331250.2003,7406.3891,7406.3891,3,0,,1.7923224406752654,1.603837,0.632053
B000002998,백령초등학교,0.0,valhalla_walk_park_proxy_cap_30000m2,지도 표시용 도보권 기준으로 녹지비율을 재산정했습니다. 대형 공원은 점 좌표+면적 원형 프록시가 생활권을 과대 덮을 수 있어 공원별 기여면적 상한을 적용했습니다. 기존 운영 iso_green_ratio와 Case는 변경하지 않습니다.,valhalla_walk,226921.0801,0.0,0.0,0,0,,0.0,0.0,0.0
B000003180,합일초등학교,3.836557,apt_adjusted_walk_park_proxy_cap_30000m2,지도 표시용 도보권 기준으로 녹지비율을 재산정했습니다. 대형 공원은 점 좌표+면적 원형 프록시가 생활권을 과대 덮을 수 있어 공원별 기여면적 상한을 적용했습니다. 기존 운영 iso_green_ratio와 Case는 변경하지 않습니다.,apt_adjusted_walk,784137.1226,101724.9523,30083.8646,2,1,남산근린공원,12.97285249833488,12.972852,-9.136295
B000002949,인천신흥초등학교,0.0,valhalla_walk_park_proxy_cap_30000m2,지도 표시용 도보권 기준으로 녹지비율을 재산정했습니다. 대형 공원은 점 좌표+면적 원형 프록시가 생활권을 과대 덮을 수 있어 공원별 기여면적 상한을 적용했습니다. 기존 운영 iso_green_ratio와 Case는 변경하지 않습니다.,valhalla_walk,548639.6613,0.0,0.0,0,0,,0.0,0.0,0.0
B000002983,인천남부초등학교,0.30754,valhalla_walk_park_proxy_cap_30000m2,지도 표시용 도보권 기준으로 녹지비율을 재산정했습니다. 대형 공원은 점 좌표+면적 원형 프록시가 생활권을 과대 덮을 수 있어 공원별 기여면적 상한을 적용했습니다. 기존 운영 iso_green_ratio와 Case는 변경하지 않습니다.,valhalla_walk,536303.8156,1649.3475,1649.3475,1,0,,0.5679379393550057,2.565048,-2.257508
B000003061,인천서면초등학교,6.489322,apt_adjusted_walk_park_proxy_cap_30000m2,지도 표시용 도보권 기준으로 녹지비율을 재산정했습니다. 대형 공원은 점 좌표+면적 원형 프록시가 생활권을 과대 덮을 수 있어 공원별 기여면적 상한을 적용했습니다. 기존 운영 iso_green_ratio와 Case는 변경하지 않습니다.,apt_adjusted_walk,344429.7497,22329.8258,22351.1538,5,0,,3.1818761323599314,6.483129,0.006193
B000003129,인천작동초등학교,1.209994,apt_adjusted_walk_park_proxy_cap_30000m2,지도 표시용 도보권 기준으로 녹지비율을 재산정했습니다. 대형 공원은 점 좌표+면적 원형 프록시가 생활권을 과대 덮을 수 있어 공원별 기여면적 상한을 적용했습니다. 기존 운영 iso_green_ratio와 Case는 변경하지 않습니다.,apt_adjusted_walk,461674.4665,5586.2311,5586.2311,2,0,,1.1565152742587337,1.209994,-0.0
B000002951,인천신선초등학교,0.0,valhalla_walk_park_proxy_cap_30000m2,지도 표시용 도보권 기준으로 녹지비율을 재산정했습니다. 대형 공원은 점 좌표+면적 원형 프록시가 생활권을 과대 덮을 수 있어 공원별 기여면적 상한을 적용했습니다. 기존 운영 iso_green_ratio와 Case는 변경하지 않습니다.,valhalla_walk,294914.6172,0.0,0.0,0,0,,0.0,0.0,0.0
B000002952,인천송월초등학교,3.531188,valhalla_walk_park_proxy_cap_30000m2,지도 표시용 도보권 기준으로 녹지비율을 재산정했습니다. 대형 공원은 점 좌표+면적 원형 프록시가 생활권을 과대 덮을 수 있어 공원별 기여면적 상한을 적용했습니다. 기존 운영 iso_green_ratio와 Case는 변경하지 않습니다.,valhalla_walk,245400.0409,8665.5374,8665.5374,1,0,,6.798768043878933,6.540172,-3.008984
B000003086,인천동방초등학교,0.775974,apt_adjusted_walk_park_proxy_cap_30000m2,지도 표시용 도보권 기준으로 녹지비율을 재산정했습니다. 대형 공원은 점 좌표+면적 원형 프록시가 생활권을 과대 덮을 수 있어 공원별 기여면적 상한을 적용했습니다. 기존 운영 iso_green_ratio와 Case는 변경하지 않습니다.,apt_adjusted_walk,388944.8992,3018.1128,3018.1128,3,0,,0.8725500809282718,0.775974,0.0
B000003010,인천청천초등학교,3.308097,valhalla_walk_park_proxy_cap_30000m2,지도 표시용 도보권 기준으로 녹지비율을 재산정했습니다. 대형 공원은 점 좌표+면적 원형 프록시가 생활권을 과대 덮을 수 있어 공원별 기여면적 상한을 적용했습니다. 기존 운영 iso_green_ratio와 Case는 변경하지 않습니다.,valhalla_walk,403390.1971,13344.5395,13344.5395,4,0,,5.0886733067130905,3.448447,-0.14035
B000003006,인천부평서초등학교,0.205842,apt_adjusted_walk_park_proxy_cap_30000m2,지도 표시용 도보권 기준으로 녹지비율을 재산정했습니다. 대형 공원은 점 좌표+면적 원형 프록시가 생활권을 과대 덮을 수 있어 공원별 기여면적 상한을 적용했습니다. 기존 운영 iso_green_ratio와 Case는 변경하지 않습니다.,apt_adjusted_walk,582035.1708,1198.0733,1198.0733,1,0,,0.2912266991658678,0.205842,0.0
B000002999,인천공항초등학교신도분교장,0.0,valhalla_walk_park_proxy_cap_30000m2,지도 표시용 도보권 기준으로 녹지비율을 재산정했습니다. 대형 공원은 점 좌표+면적 원형 프록시가 생활권을 과대 덮을 수 있어 공원별 기여면적 상한을 적용했습니다. 기존 운영 iso_green_ratio와 Case는 변경하지 않습니다.,valhalla_walk,174778.69,0.0,0.0,0,0,,0.0,0.0,0.0
B000003031,인천산곡북초등학교,0.891559,valhalla_walk_park_proxy_cap_30000m2,지도 표시용 도보권 기준으로 녹지비율을 재산정했습니다. 대형 공원은 점 좌표+면적 원형 프록시가 생활권을 과대 덮을 수 있어 공원별 기여면적 상한을 적용했습니다. 기존 운영 iso_green_ratio와 Case는 변경하지 않습니다.,valhalla_walk,263831.8872,2352.2172,2352.2172,2,0,,1.1619185855194434,0.697709,0.19385
B000003126,인천부현초등학교,0.603933,valhalla_walk_park_proxy_cap_30000m2,지도 표시용 도보권 기준으로 녹지비율을 재산정했습니다. 대형 공원은 점 좌표+면적 원형 프록시가 생활권을 과대 덮을 수 있어 공원별 기여면적 상한을 적용했습니다. 기존 운영 iso_green_ratio와 Case는 변경하지 않습니다.,valhalla_walk,457774.6207,2764.6539,2764.6539,2,0,,0.894620059676037,0.708831,-0.104898
B000003050,인천송도초등학교,0.491584,valhalla_walk_park_proxy_cap_30000m2,지도 표시용 도보권 기준으로 녹지비율을 재산정했습니다. 대형 공원은 점 좌표+면적 원형 프록시가 생활권을 과대 덮을 수 있어 공원별 기여면적 상한을 적용했습니다. 기존 운영 iso_green_ratio와 Case는 변경하지 않습니다.,valhalla_walk,406110.955,1996.3745,1996.3745,4,0,,0.2766896176428939,0.719925,-0.228341
B000003053,인천중앙초등학교,10.270396,apt_adjusted_walk_park_proxy_cap_30000m2,지도 표시용 도보권 기준으로 녹지비율을 재산정했습니다. 대형 공원은 점 좌표+면적 원형 프록시가 생활권을 과대 덮을 수 있어 공원별 기여면적 상한을 적용했습니다. 기존 운영 iso_green_ratio와 Case는 변경하지 않습니다.,apt_adjusted_walk,323714.2475,33246.7357,33246.7357,2,0,,10.177503734857265,10.270396,0.0
B000002985,인천서화초등학교,6.112653,valhalla_walk_park_proxy_cap_30000m2,지도 표시용 도보권 기준으로 녹지비율을 재산정했습니다. 대형 공원은 점 좌표+면적 원형 프록시가 생활권을 과대 덮을 수 있어 공원별 기여면적 상한을 적용했습니다. 기존 운영 iso_green_ratio와 Case는 변경하지 않습니다.,valhalla_walk,478566.1535,29253.0886,29253.0886,5,0,,5.853468603507503,5.454742,0.657911
B000003125,인천부평초등학교,0.562616,valhalla_walk_park_proxy_cap_30000m2,지도 표시용 도보권 기준으로 녹지비율을 재산정했습니다. 대형 공원은 점 좌표+면적 원형 프록시가 생활권을 과대 덮을 수 있어 공원별 기여면적 상한을 적용했습니다. 기존 운영 iso_green_ratio와 Case는 변경하지 않습니다.,valhalla_walk,525272.7884,2955.2712,2955.2712,4,0,,0.6641030324558864,0.626094,-0.063478
B000003121,인천귤현초등학교,2.917328,apt_adjusted_walk_park_proxy_cap_30000m2,지도 표시용 도보권 기준으로 녹지비율을 재산정했습니다. 대형 공원은 점 좌표+면적 원형 프록시가 생활권을 과대 덮을 수 있어 공원별 기여면적 상한을 적용했습니다. 기존 운영 iso_green_ratio와 Case는 변경하지 않습니다.,apt_adjusted_walk,294636.9922,8595.5281,8595.5281,7,0,,3.376739745926305,2.917328,0.0
B000003147,인천신현북초등학교,2.499076,valhalla_walk_park_proxy_cap_30000m2,지도 표시용 도보권 기준으로 녹지비율을 재산정했습니다. 대형 공원은 점 좌표+면적 원형 프록시가 생활권을 과대 덮을 수 있어 공원별 기여면적 상한을 적용했습니다. 기존 운영 iso_green_ratio와 Case는 변경하지 않습니다.,valhalla_walk,392170.272,9800.6341,9800.6341,1,0,,0.0,0.0,2.499076
B000003116,인천길주초등학교,2.448727,apt_adjusted_walk_park_proxy_cap_30000m2,지도 표시용 도보권 기준으로 녹지비율을 재산정했습니다. 대형 공원은 점 좌표+면적 원형 프록시가 생활권을 과대 덮을 수 있어 공원별 기여면적 상한을 적용했습니다. 기존 운영 iso_green_ratio와 Case는 변경하지 않습니다.,apt_adjusted_walk,359693.6294,8807.9139,8807.9139,4,0,,4.987013600442694,2.448727,-0.0
B000002981,인천경원초등학교,0.71892,valhalla_walk_park_proxy_cap_30000m2,지도 표시용 도보권 기준으로 녹지비율을 재산정했습니다. 대형 공원은 점 좌표+면적 원형 프록시가 생활권을 과대 덮을 수 있어 공원별 기여면적 상한을 적용했습니다. 기존 운영 iso_green_ratio와 Case는 변경하지 않습니다.,valhalla_walk,518884.1944,3730.3601,3730.3601,3,0,,0.5142,0.5142,0.20472
B000003172,인천은지초등학교,1.500699,valhalla_walk_park_proxy_cap_30000m2,지도 표시용 도보권 기준으로 녹지비율을 재산정했습니다. 대형 공원은 점 좌표+면적 원형 프록시가 생활권을 과대 덮을 수 있어 공원별 기여면적 상한을 적용했습니다. 기존 운영 iso_green_ratio와 Case는 변경하지 않습니다.,valhalla_walk,335836.5091,5039.8949,5039.8949,2,0,,0.8481252905733841,0.673075,0.827624
B000003021,인천금마초등학교,0.0,valhalla_walk_park_proxy_cap_30000m2,지도 표시용 도보권 기준으로 녹지비율을 재산정했습니다. 대형 공원은 점 좌표+면적 원형 프록시가 생활권을 과대 덮을 수 있어 공원별 기여면적 상한을 적용했습니다. 기존 운영 iso_green_ratio와 Case는 변경하지 않습니다.,valhalla_walk,86585.9426,0.0,0.0,0,0,,0.0,0.0,0.0
B000003008,인천마곡초등학교,2.447343,apt_adjusted_walk_park_proxy_cap_30000m2,지도 표시용 도보권 기준으로 녹지비율을 재산정했습니다. 대형 공원은 점 좌표+면적 원형 프록시가 생활권을 과대 덮을 수 있어 공원별 기여면적 상한을 적용했습니다. 기존 운영 iso_green_ratio와 Case는 변경하지 않습니다.,apt_adjusted_walk,233788.8322,5721.6142,5721.6142,3,0,,1.5676121085960033,2.447343,-0.0
B000003071,인천성리초등학교,1.154462,valhalla_walk_park_proxy_cap_30000m2,지도 표시용 도보권 기준으로 녹지비율을 재산정했습니다. 대형 공원은 점 좌표+면적 원형 프록시가 생활권을 과대 덮을 수 있어 공원별 기여면적 상한을 적용했습니다. 기존 운영 iso_green_ratio와 Case는 변경하지 않습니다.,valhalla_walk,526498.6831,6078.2251,6078.2251,4,0,,1.4479825373316244,4.013429,-2.858967
B000003163,인천가좌초등학교,3.656732,valhalla_walk_park_proxy_cap_30000m2,지도 표시용 도보권 기준으로 녹지비율을 재산정했습니다. 대형 공원은 점 좌표+면적 원형 프록시가 생활권을 과대 덮을 수 있어 공원별 기여면적 상한을 적용했습니다. 기존 운영 iso_green_ratio와 Case는 변경하지 않습니다.,valhalla_walk,546326.1985,19977.6852,19977.6852,5,0,,4.702034607118687,3.950669,-0.293937
B000002970,영화초등학교,0.337353,valhalla_walk_park_proxy_cap_30000m2,지도 표시용 도보권 기준으로 녹지비율을 재산정했습니다. 대형 공원은 점 좌표+면적 원형 프록시가 생활권을 과대 덮을 수 있어 공원별 기여면적 상한을 적용했습니다. 기존 운영 iso_green_ratio와 Case는 변경하지 않습니다.,valhalla_walk,304472.6871,1027.1482,1027.1482,1,0,,0.4756300242898112,0.460797,-0.123444
B000003026,인천동수초등학교,3.256944,valhalla_walk_park_proxy_cap_30000m2,지도 표시용 도보권 기준으로 녹지비율을 재산정했습니다. 대형 공원은 점 좌표+면적 원형 프록시가 생활권을 과대 덮을 수 있어 공원별 기여면적 상한을 적용했습니다. 기존 운영 iso_green_ratio와 Case는 변경하지 않습니다.,valhalla_walk,360017.7307,11725.5746,11725.5746,2,0,,1.3772133516183207,1.377213,1.879731
B000003149,인천봉화초등학교,0.0,valhalla_walk_park_proxy_cap_30000m2,지도 표시용 도보권 기준으로 녹지비율을 재산정했습니다. 대형 공원은 점 좌표+면적 원형 프록시가 생활권을 과대 덮을 수 있어 공원별 기여면적 상한을 적용했습니다. 기존 운영 iso_green_ratio와 Case는 변경하지 않습니다.,valhalla_walk,420609.3339,0.0,0.0,0,0,,0.0,0.0,0.0
B000003039,인천백운초등학교,21.370886,valhalla_walk_park_proxy_cap_30000m2,지도 표시용 도보권 기준으로 녹지비율을 재산정했습니다. 대형 공원은 점 좌표+면적 원형 프록시가 생활권을 과대 덮을 수 있어 공원별 기여면적 상한을 적용했습니다. 기존 운영 iso_green_ratio와 Case는 변경하지 않습니다.,valhalla_walk,220096.1859,57624.1917,47036.5051,3,1,백운공원,88.17562877160037,88.175629,-66.804743
B000003081,인천인수초등학교,3.37851,valhalla_walk_park_proxy_cap_30000m2,지도 표시용 도보권 기준으로 녹지비율을 재산정했습니다. 대형 공원은 점 좌표+면적 원형 프록시가 생활권을 과대 덮을 수 있어 공원별 기여면적 상한을 적용했습니다. 기존 운영 iso_green_ratio와 Case는 변경하지 않습니다.,valhalla_walk,316846.0308,10704.6745,10704.6745,3,0,,2.5304146274303023,5.581663,-2.203153
B000003078,인천석정초등학교,1.488267,valhalla_walk_park_proxy_cap_30000m2,지도 표시용 도보권 기준으로 녹지비율을 재산정했습니다. 대형 공원은 점 좌표+면적 원형 프록시가 생활권을 과대 덮을 수 있어 공원별 기여면적 상한을 적용했습니다. 기존 운영 iso_green_ratio와 Case는 변경하지 않습니다.,valhalla_walk,421913.9507,6279.2078,6279.2078,4,0,,1.7972298521420491,1.617706,-0.129439
B000003162,인천가석초등학교,0.0,valhalla_walk_park_proxy_cap_30000m2,지도 표시용 도보권 기준으로 녹지비율을 재산정했습니다. 대형 공원은 점 좌표+면적 원형 프록시가 생활권을 과대 덮을 수 있어 공원별 기여면적 상한을 적용했습니다. 기존 운영 iso_green_ratio와 Case는 변경하지 않습니다.,valhalla_walk,217230.0866,0.0,0.0,0,0,,0.0,0.0,0.0
B000025225,인천송빛초등학교,0.0,apt_adjusted_walk_park_proxy_cap_30000m2,지도 표시용 도보권 기준으로 녹지비율을 재산정했습니다. 대형 공원은 점 좌표+면적 원형 프록시가 생활권을 과대 덮을 수 있어 공원별 기여면적 상한을 적용했습니다. 기존 운영 iso_green_ratio와 Case는 변경하지 않습니다.,apt_adjusted_walk,299988.5182,0.0,0.0,0,0,,0.0,0.0,0.0
B000003165,인천당하초등학교,4.207371,valhalla_walk_park_proxy_cap_30000m2,지도 표시용 도보권 기준으로 녹지비율을 재산정했습니다. 대형 공원은 점 좌표+면적 원형 프록시가 생활권을 과대 덮을 수 있어 공원별 기여면적 상한을 적용했습니다. 기존 운영 iso_green_ratio와 Case는 변경하지 않습니다.,valhalla_walk,363027.7109,15273.9212,15273.9212,3,0,,3.5740656827376927,3.844992,0.362379
B000003108,인천효성남초등학교,3.377838,valhalla_walk_park_proxy_cap_30000m2,지도 표시용 도보권 기준으로 녹지비율을 재산정했습니다. 대형 공원은 점 좌표+면적 원형 프록시가 생활권을 과대 덮을 수 있어 공원별 기여면적 상한을 적용했습니다. 기존 운영 iso_green_ratio와 Case는 변경하지 않습니다.,valhalla_walk,477140.7719,16117.0408,16117.0408,3,0,,3.255774099313282,2.608972,0.768866
B000003118,인천양촌초등학교,1.420022,apt_adjusted_walk_park_proxy_cap_30000m2,지도 표시용 도보권 기준으로 녹지비율을 재산정했습니다. 대형 공원은 점 좌표+면적 원형 프록시가 생활권을 과대 덮을 수 있어 공원별 기여면적 상한을 적용했습니다. 기존 운영 iso_green_ratio와 Case는 변경하지 않습니다.,apt_adjusted_walk,276031.6994,3919.7097,3919.7097,2,0,,1.6276385136498277,1.420022,-0.0
B000025751,인천경연초등학교,2.009422,apt_adjusted_walk_park_proxy_cap_30000m2,지도 표시용 도보권 기준으로 녹지비율을 재산정했습니다. 대형 공원은 점 좌표+면적 원형 프록시가 생활권을 과대 덮을 수 있어 공원별 기여면적 상한을 적용했습니다. 기존 운영 iso_green_ratio와 Case는 변경하지 않습니다.,apt_adjusted_walk,344387.8135,6920.2056,6920.2056,3,0,,3.181439301862633,2.009422,0.0
B000003037,인천하정초등학교,4.058736,valhalla_walk_park_proxy_cap_30000m2,지도 표시용 도보권 기준으로 녹지비율을 재산정했습니다. 대형 공원은 점 좌표+면적 원형 프록시가 생활권을 과대 덮을 수 있어 공원별 기여면적 상한을 적용했습니다. 기존 운영 iso_green_ratio와 Case는 변경하지 않습니다.,valhalla_walk,228017.8568,9254.6418,9254.6418,3,0,,4.049777060156277,3.645261,0.413475
